﻿key_resp.keys,key_resp.rt,key_resp_4.keys,key_resp_4.rt,key_resp_2.keys,key_resp_2.corr,anagram_answer,RT,trials.thisRepN,trials.thisTrialN,trials.thisN,trials.thisIndex,trials.ran,anagrams,correct,id,date,expName,psychopyVersion,OS,frameRate,key_resp_2.rt,anaEndEnter.keys,anaEndEnter.rt,key_resp_3.keys,key_resp_3.rt,IQresponse.keys,IQresponse.corr,IQpass.keys,IQpass.rt,trials_2.thisRepN,trials_2.thisTrialN,trials_2.thisN,trials_2.thisIndex,trials_2.ran,options,CorrectIQ
return,449.8991,return,18.9541,,0,,0.0004,0,0,0,0,1,remove,REMOVE,14576,2021-10-18_18h33.22.923,HCtest,2021.2.3,MacIntel,59.84082341,,,,,,,,,,,,,,,,
,,,,return,0,,31.9834,0,1,1,1,1,shdvrui,drivhus,14576,2021-10-18_18h33.22.923,HCtest,2021.2.3,MacIntel,59.84082341,31.9597,,,,,,,,,,,,,,,
,,,,return,0,kastanje,100.3209,0,2,2,2,1,jasekatn,kastanje,14576,2021-10-18_18h33.22.923,HCtest,2021.2.3,MacIntel,59.84082341,100.311,,,,,,,,,,,,,,,
,,,,return,0,,55.6661,0,3,3,3,1,hmoodwse,modeshow,14576,2021-10-18_18h33.22.923,HCtest,2021.2.3,MacIntel,59.84082341,55.65,,,,,,,,,,,,,,,
,,,,return,0,,8.2439,0,4,4,4,1,edolsat,unsolve,14576,2021-10-18_18h33.22.923,HCtest,2021.2.3,MacIntel,59.84082341,8.2344,,,,,,,,,,,,,,,
,,,,return,0,,3.7981,0,5,5,5,1,esmeknen,menneske,14576,2021-10-18_18h33.22.923,HCtest,2021.2.3,MacIntel,59.84082341,3.7852,,,,,,,,,,,,,,,
,,,,return,0,,1.6892,0,6,6,6,1,imafeil,familie,14576,2021-10-18_18h33.22.923,HCtest,2021.2.3,MacIntel,59.84082341,1.6739,,,,,,,,,,,,,,,
,,,,return,0,,0.1845,0,7,7,7,1,ptilaosh,hospital,14576,2021-10-18_18h33.22.923,HCtest,2021.2.3,MacIntel,59.84082341,0.1666,,,,,,,,,,,,,,,
,,,,return,0,,2.6036,0,8,8,8,1,anisplep,appelsin,14576,2021-10-18_18h33.22.923,HCtest,2021.2.3,MacIntel,59.84082341,2.5878,,,,,,,,,,,,,,,
,,,,return,0,,2.6252,0,9,9,9,1,fdteakor,unsolve,14576,2021-10-18_18h33.22.923,HCtest,2021.2.3,MacIntel,59.84082341,2.6098,,,,,,,,,,,,,,,
,,,,return,0,,1.3868,0,10,10,10,1,ptajakn,kaptajn,14576,2021-10-18_18h33.22.923,HCtest,2021.2.3,MacIntel,59.84082341,1.3693,,,,,,,,,,,,,,,
,,,,return,0,,0.5675,0,11,11,11,1,iovkonmr,mikroovn,14576,2021-10-18_18h33.22.923,HCtest,2021.2.3,MacIntel,59.84082341,0.5498,,,,,,,,,,,,,,,
,,,,return,0,,1.3196,0,12,12,12,1,agotfiorf,fotografi,14576,2021-10-18_18h33.22.923,HCtest,2021.2.3,MacIntel,59.84082341,1.3082,,,,,,,,,,,,,,,
,,,,return,0,,1.0038,0,13,13,13,1,apniggncmvo,campingvogn,14576,2021-10-18_18h33.22.923,HCtest,2021.2.3,MacIntel,59.84082341,0.9848,,,,,,,,,,,,,,,
,,,,return,0,,0.582,0,14,14,14,1,rktneleal,tallerken,14576,2021-10-18_18h33.22.923,HCtest,2021.2.3,MacIntel,59.84082341,0.5723,,,,,,,,,,,,,,,
,,,,return,0,,0.6847,0,15,15,15,1,vkadato,advokat,14576,2021-10-18_18h33.22.923,HCtest,2021.2.3,MacIntel,59.84082341,0.6651,,,,,,,,,,,,,,,
,,,,,,,4.1021,,,,,,,,14576,2021-10-18_18h33.22.923,HCtest,2021.2.3,MacIntel,59.84082341,,return,2.4476,return,0.9078,,0,return,4.0571,0,0,0,1,1,Slide4.png,g
