﻿key_resp.keys,key_resp.rt,key_resp_4.keys,key_resp_4.rt,key_resp_2.keys,key_resp_2.corr,anagram_answer,RT,trials.thisRepN,trials.thisTrialN,trials.thisN,trials.thisIndex,trials.ran,anagrams,correct,id,date,expName,psychopyVersion,OS,frameRate,key_resp_2.rt
return,24.2338,return,21.206,,0,,0.0003,0,0,0,0,1,remove,REMOVE,15671,2021-11-01_14h54.19.917,HCtest,2021.2.3,MacIntel,59.97361161,
,,,,return,0,drivhus,62.3885,0,1,1,1,1,shdvrui,drivhus,15671,2021-11-01_14h54.19.917,HCtest,2021.2.3,MacIntel,59.97361161,62.3616
,,,,return,0,kastanje,23.5156,0,2,2,2,1,jasekatn,kastanje,15671,2021-11-01_14h54.19.917,HCtest,2021.2.3,MacIntel,59.97361161,23.4956
,,,,return,0,,58.3654,0,3,3,3,1,hmoodwse,modeshow,15671,2021-11-01_14h54.19.917,HCtest,2021.2.3,MacIntel,59.97361161,58.3476
,,,,return,0,soldat,16.1643,0,4,4,4,1,edolsat,unsolve,15671,2021-11-01_14h54.19.917,HCtest,2021.2.3,MacIntel,59.97361161,16.149
,,,,return,0,menneske,5.8228,0,5,5,5,1,esmeknen,menneske,15671,2021-11-01_14h54.19.917,HCtest,2021.2.3,MacIntel,59.97361161,5.8028
,,,,return,0,familie,27.3852,0,6,6,6,1,imafeil,familie,15671,2021-11-01_14h54.19.917,HCtest,2021.2.3,MacIntel,59.97361161,27.3666
,,,,return,0,,25.468,0,7,7,7,1,ptilaosh,hospital,15671,2021-11-01_14h54.19.917,HCtest,2021.2.3,MacIntel,59.97361161,25.4482
,,,,return,0,,56.4649,0,8,8,8,1,anisplep,appelsin,15671,2021-11-01_14h54.19.917,HCtest,2021.2.3,MacIntel,59.97361161,56.4501
,,,,return,0,,29.3863,0,9,9,9,1,fdteakor,unsolve,15671,2021-11-01_14h54.19.917,HCtest,2021.2.3,MacIntel,59.97361161,29.3706
,,,,return,0,,31.2014,0,10,10,10,1,ptajakn,kaptajn,15671,2021-11-01_14h54.19.917,HCtest,2021.2.3,MacIntel,59.97361161,31.1856
