﻿key_resp.keys,key_resp.rt,key_resp_4.keys,key_resp_4.rt,key_resp_2.keys,key_resp_2.corr,anagram_answer,RT,trials.thisRepN,trials.thisTrialN,trials.thisN,trials.thisIndex,trials.ran,anagrams,correct,id,date,expName,psychopyVersion,OS,frameRate,key_resp_2.rt,anaEndEnter.keys,anaEndEnter.rt,key_resp_3.keys,key_resp_3.rt,IQresponse.keys,IQresponse.corr,IQresponse.rt,IQpass.keys,trials_2.thisRepN,trials_2.thisTrialN,trials_2.thisN,trials_2.thisIndex,trials_2.ran,options,CorrectIQ,key_resp_5.keys,key_resp_5.rt
return,23.6526,return,17.5197,,0,,0.0006,0,0,0,0,1,remove,REMOVE,6485,2021-10-28_16h37.22.012,HCtest,2021.2.3,MacIntel,60.0024001,,,,,,,,,,,,,,,,,,
,,,,return,0,drivhus,48.3022,0,1,1,1,1,shdvrui,drivhus,6485,2021-10-28_16h37.22.012,HCtest,2021.2.3,MacIntel,60.0024001,48.2605,,,,,,,,,,,,,,,,,
,,,,return,0,kastanje,90.9678,0,2,2,2,1,jasekatn,kastanje,6485,2021-10-28_16h37.22.012,HCtest,2021.2.3,MacIntel,60.0024001,90.9511,,,,,,,,,,,,,,,,,
,,,,return,0,,95.6309,0,3,3,3,1,hmoodwse,modeshow,6485,2021-10-28_16h37.22.012,HCtest,2021.2.3,MacIntel,60.0024001,95.6146,,,,,,,,,,,,,,,,,
,,,,return,0,soldat,68.5158,0,4,4,4,1,edolsat,unsolve,6485,2021-10-28_16h37.22.012,HCtest,2021.2.3,MacIntel,60.0024001,68.5008,,,,,,,,,,,,,,,,,
,,,,return,0,menneske,12.0325,0,5,5,5,1,esmeknen,menneske,6485,2021-10-28_16h37.22.012,HCtest,2021.2.3,MacIntel,60.0024001,12.0168,,,,,,,,,,,,,,,,,
,,,,return,0,familie,15.4354,0,6,6,6,1,imafeil,familie,6485,2021-10-28_16h37.22.012,HCtest,2021.2.3,MacIntel,60.0024001,15.4145,,,,,,,,,,,,,,,,,
,,,,return,0,,62.0632,0,7,7,7,1,ptilaosh,hospital,6485,2021-10-28_16h37.22.012,HCtest,2021.2.3,MacIntel,60.0024001,62.0411,,,,,,,,,,,,,,,,,
,,,,return,0,,81.673,0,8,8,8,1,anisplep,appelsin,6485,2021-10-28_16h37.22.012,HCtest,2021.2.3,MacIntel,60.0024001,81.6513,,,,,,,,,,,,,,,,,
,,,,return,0,,102.5645,0,9,9,9,1,fdteakor,unsolve,6485,2021-10-28_16h37.22.012,HCtest,2021.2.3,MacIntel,60.0024001,102.5475,,,,,,,,,,,,,,,,,
,,,,return,0,kaptajn,5.2183,0,10,10,10,1,ptajakn,kaptajn,6485,2021-10-28_16h37.22.012,HCtest,2021.2.3,MacIntel,60.0024001,5.1913,,,,,,,,,,,,,,,,,
,,,,return,0,,45.1217,0,11,11,11,1,iovkonmr,mikroovn,6485,2021-10-28_16h37.22.012,HCtest,2021.2.3,MacIntel,60.0024001,45.1052,,,,,,,,,,,,,,,,,
,,,,return,0,fotografi,37.5178,0,12,12,12,1,agotfiorf,fotografi,6485,2021-10-28_16h37.22.012,HCtest,2021.2.3,MacIntel,60.0024001,37.4943,,,,,,,,,,,,,,,,,
,,,,return,0,campingvogn,56.2699,0,13,13,13,1,apniggncmvo,campingvogn,6485,2021-10-28_16h37.22.012,HCtest,2021.2.3,MacIntel,60.0024001,56.2505,,,,,,,,,,,,,,,,,
,,,,return,0,,89.9319,0,14,14,14,1,rktneleal,tallerken,6485,2021-10-28_16h37.22.012,HCtest,2021.2.3,MacIntel,60.0024001,89.9158,,,,,,,,,,,,,,,,,
,,,,return,0,,69.8155,0,15,15,15,1,vkadato,advokat,6485,2021-10-28_16h37.22.012,HCtest,2021.2.3,MacIntel,60.0024001,69.8012,,,,,,,,,,,,,,,,,
,,,,,,,78.4801,,,,,,,,6485,2021-10-28_16h37.22.012,HCtest,2021.2.3,MacIntel,60.0024001,,return,2.7055,return,16.833,f,1,78.4362,,0,0,0,6,1,Slide9.png,f,,
,,,,,,,129.7148,,,,,,,,6485,2021-10-28_16h37.22.012,HCtest,2021.2.3,MacIntel,60.0024001,,,,,,f,0,129.6677,,0,1,1,7,1,Slide10.png,b,,
,,,,,,,89.7699,,,,,,,,6485,2021-10-28_16h37.22.012,HCtest,2021.2.3,MacIntel,60.0024001,,,,,,d,0,89.7255,,0,2,2,5,1,Slide8.png,h,,
,,,,,,,42.1831,,,,,,,,6485,2021-10-28_16h37.22.012,HCtest,2021.2.3,MacIntel,60.0024001,,,,,,d,1,42.143,,0,3,3,2,1,Slide5.png,d,,
,,,,,,,22.6132,,,,,,,,6485,2021-10-28_16h37.22.012,HCtest,2021.2.3,MacIntel,60.0024001,,,,,,d,1,22.5704,,0,4,4,0,1,Slide3.png,d,,
,,,,,,,57.7385,,,,,,,,6485,2021-10-28_16h37.22.012,HCtest,2021.2.3,MacIntel,60.0024001,,,,,,e,1,57.6969,,0,5,5,4,1,Slide7.png,e,,
,,,,,,,50.8492,,,,,,,,6485,2021-10-28_16h37.22.012,HCtest,2021.2.3,MacIntel,60.0024001,,,,,,g,1,50.8068,,0,6,6,1,1,Slide4.png,g,,
,,,,,,,74.9035,,,,,,,,6485,2021-10-28_16h37.22.012,HCtest,2021.2.3,MacIntel,60.0024001,,,,,,h,1,74.862,,0,7,7,3,1,Slide6.png,h,,
,,,,,,,,,,,,,,,6485,2021-10-28_16h37.22.012,HCtest,2021.2.3,MacIntel,60.0024001,,,,,,,,,,,,,,,,,return,4.8193
