﻿key_resp.keys,key_resp.rt,key_resp_4.keys,key_resp_4.rt,key_resp_2.keys,key_resp_2.corr,anagram_answer,RT,trials.thisRepN,trials.thisTrialN,trials.thisN,trials.thisIndex,trials.ran,anagrams,correct,id,date,expName,psychopyVersion,OS,frameRate,key_resp_2.rt
return,29.0281,return,54.9318,,0,,0.0003,0,0,0,0,1,remove,REMOVE,5155,2021-10-18_15h24.27.582,HCtest,2021.2.3,Win32,59.82292414,
,,,,return,0,drivhus,12.7785,0,1,1,1,1,shdvrui,drivhus,5155,2021-10-18_15h24.27.582,HCtest,2021.2.3,Win32,59.82292414,12.7506
,,,,return,0,kastanje,21.1659,0,2,2,2,1,jasekatn,kastanje,5155,2021-10-18_15h24.27.582,HCtest,2021.2.3,Win32,59.82292414,21.1544
,,,,return,0,,34.7465,0,3,3,3,1,hmoodwse,modeshow,5155,2021-10-18_15h24.27.582,HCtest,2021.2.3,Win32,59.82292414,34.7342
