﻿key_resp.keys,key_resp.rt,key_resp_4.keys,key_resp_4.rt,key_resp_2.keys,key_resp_2.corr,anagram_answer,RT,trials.thisRepN,trials.thisTrialN,trials.thisN,trials.thisIndex,trials.ran,anagrams,correct,id,date,expName,psychopyVersion,OS,frameRate,key_resp_2.rt,anaEndEnter.keys,anaEndEnter.rt,key_resp_3.keys,key_resp_3.rt,IQresponse.keys,IQresponse.corr,IQresponse.rt,IQpass.keys,trials_2.thisRepN,trials_2.thisTrialN,trials_2.thisN,trials_2.thisIndex,trials_2.ran,options,CorrectIQ,key_resp_5.keys,key_resp_5.rt
return,6.8915,return,10.3218,,0,,0.0002,0,0,0,0,1,remove,REMOVE,16727,2021-11-04_16h06.00.374,HCtest,2021.2.3,MacIntel,60.0024001,,,,,,,,,,,,,,,,,,
,,,,return,0,drivhus,53.321,0,1,1,1,1,shdvrui,drivhus,16727,2021-11-04_16h06.00.374,HCtest,2021.2.3,MacIntel,60.0024001,53.2815,,,,,,,,,,,,,,,,,
,,,,return,0,kastanje,69.9181,0,2,2,2,1,jasekatn,kastanje,16727,2021-11-04_16h06.00.374,HCtest,2021.2.3,MacIntel,60.0024001,69.9068,,,,,,,,,,,,,,,,,
,,,,return,0,,119.4383,0,3,3,3,1,hmoodwse,modeshow,16727,2021-11-04_16h06.00.374,HCtest,2021.2.3,MacIntel,60.0024001,119.429,,,,,,,,,,,,,,,,,
,,,,return,0,,139.6638,0,4,4,4,1,edolsat,unsolve,16727,2021-11-04_16h06.00.374,HCtest,2021.2.3,MacIntel,60.0024001,139.6516,,,,,,,,,,,,,,,,,
,,,,return,0,menneske,41.5009,0,5,5,5,1,esmeknen,menneske,16727,2021-11-04_16h06.00.374,HCtest,2021.2.3,MacIntel,60.0024001,41.491,,,,,,,,,,,,,,,,,
,,,,return,0,familie,25.3019,0,6,6,6,1,imafeil,familie,16727,2021-11-04_16h06.00.374,HCtest,2021.2.3,MacIntel,60.0024001,25.2915,,,,,,,,,,,,,,,,,
,,,,return,0,hospital,94.0501,0,7,7,7,1,ptilaosh,hospital,16727,2021-11-04_16h06.00.374,HCtest,2021.2.3,MacIntel,60.0024001,94.0384,,,,,,,,,,,,,,,,,
,,,,return,0,appelsin,22.5526,0,8,8,8,1,anisplep,appelsin,16727,2021-11-04_16h06.00.374,HCtest,2021.2.3,MacIntel,60.0024001,22.5383,,,,,,,,,,,,,,,,,
,,,,return,0,,58.2357,0,9,9,9,1,fdteakor,unsolve,16727,2021-11-04_16h06.00.374,HCtest,2021.2.3,MacIntel,60.0024001,58.2286,,,,,,,,,,,,,,,,,
,,,,return,0,kastanje,4.3347,0,10,10,10,1,ptajakn,kaptajn,16727,2021-11-04_16h06.00.374,HCtest,2021.2.3,MacIntel,60.0024001,4.328,,,,,,,,,,,,,,,,,
,,,,return,0,,51.6034,0,11,11,11,1,iovkonmr,mikroovn,16727,2021-11-04_16h06.00.374,HCtest,2021.2.3,MacIntel,60.0024001,51.5897,,,,,,,,,,,,,,,,,
,,,,return,0,,51.6848,0,12,12,12,1,agotfiorf,fotografi,16727,2021-11-04_16h06.00.374,HCtest,2021.2.3,MacIntel,60.0024001,51.6724,,,,,,,,,,,,,,,,,
,,,,return,0,campingvogn,7.0846,0,13,13,13,1,apniggncmvo,campingvogn,16727,2021-11-04_16h06.00.374,HCtest,2021.2.3,MacIntel,60.0024001,7.0717,,,,,,,,,,,,,,,,,
,,,,return,0,,47.9161,0,14,14,14,1,rktneleal,tallerken,16727,2021-11-04_16h06.00.374,HCtest,2021.2.3,MacIntel,60.0024001,47.8981,,,,,,,,,,,,,,,,,
,,,,return,0,advokat,13.4869,0,15,15,15,1,vkadato,advokat,16727,2021-11-04_16h06.00.374,HCtest,2021.2.3,MacIntel,60.0024001,13.473,,,,,,,,,,,,,,,,,
,,,,,,,16.6824,,,,,,,,16727,2021-11-04_16h06.00.374,HCtest,2021.2.3,MacIntel,60.0024001,,return,1.4724,return,12.2655,d,1,16.6514,,0,0,0,2,1,Slide5.png,d,,
,,,,,,,119.1679,,,,,,,,16727,2021-11-04_16h06.00.374,HCtest,2021.2.3,MacIntel,60.0024001,,,,,,f,0,119.1268,,0,1,1,7,1,Slide10.png,b,,
,,,,,,,28.3494,,,,,,,,16727,2021-11-04_16h06.00.374,HCtest,2021.2.3,MacIntel,60.0024001,,,,,,d,1,28.2999,,0,2,2,0,1,Slide3.png,d,,
,,,,,,,15.75,,,,,,,,16727,2021-11-04_16h06.00.374,HCtest,2021.2.3,MacIntel,60.0024001,,,,,,g,0,15.7122,,0,3,3,3,1,Slide6.png,h,,
,,,,,,,55.0851,,,,,,,,16727,2021-11-04_16h06.00.374,HCtest,2021.2.3,MacIntel,60.0024001,,,,,,h,0,55.0503,,0,4,4,6,1,Slide9.png,f,,
,,,,,,,91.9075,,,,,,,,16727,2021-11-04_16h06.00.374,HCtest,2021.2.3,MacIntel,60.0024001,,,,,,e,1,91.8762,,0,5,5,4,1,Slide7.png,e,,
,,,,,,,77.054,,,,,,,,16727,2021-11-04_16h06.00.374,HCtest,2021.2.3,MacIntel,60.0024001,,,,,,c,0,77.03,,0,6,6,5,1,Slide8.png,h,,
,,,,,,,79.65,,,,,,,,16727,2021-11-04_16h06.00.374,HCtest,2021.2.3,MacIntel,60.0024001,,,,,,a,0,79.6299,,0,7,7,1,1,Slide4.png,g,,
,,,,,,,,,,,,,,,16727,2021-11-04_16h06.00.374,HCtest,2021.2.3,MacIntel,60.0024001,,,,,,,,,,,,,,,,,return,24.838
