﻿key_resp.keys,key_resp.rt,key_resp_4.keys,key_resp_4.rt,key_resp_2.keys,key_resp_2.corr,anagram_answer,RT,trials.thisRepN,trials.thisTrialN,trials.thisN,trials.thisIndex,trials.ran,anagrams,correct,id,date,expName,psychopyVersion,OS,frameRate,key_resp_2.rt
return,1.936,return,0.868,,0,,0,0,0,0,0,1,remove,REMOVE,11735,2021-10-22_11h35.50.013,HCtest,2021.2.3,MacIntel,62.5,
,,,,return,0,,69.893,0,1,1,1,1,shdvrui,drivhus,11735,2021-10-22_11h35.50.013,HCtest,2021.2.3,MacIntel,62.5,69.863
,,,,return,0,,19.015,0,2,2,2,1,jasekatn,kastanje,11735,2021-10-22_11h35.50.013,HCtest,2021.2.3,MacIntel,62.5,18.999
,,,,return,0,,0.832,0,3,3,3,1,hmoodwse,modeshow,11735,2021-10-22_11h35.50.013,HCtest,2021.2.3,MacIntel,62.5,0.814
,,,,return,0,,36.216,0,4,4,4,1,edolsat,unsolve,11735,2021-10-22_11h35.50.013,HCtest,2021.2.3,MacIntel,62.5,36.2
,,,,return,0,menneske,17.815,0,5,5,5,1,esmeknen,menneske,11735,2021-10-22_11h35.50.013,HCtest,2021.2.3,MacIntel,62.5,17.803
,,,,return,0,,43.899,0,6,6,6,1,imafeil,familie,11735,2021-10-22_11h35.50.013,HCtest,2021.2.3,MacIntel,62.5,43.881
,,,,return,0,,27.564,0,7,7,7,1,ptilaosh,hospital,11735,2021-10-22_11h35.50.013,HCtest,2021.2.3,MacIntel,62.5,27.548
,,,,return,0,,31.333,0,8,8,8,1,anisplep,appelsin,11735,2021-10-22_11h35.50.013,HCtest,2021.2.3,MacIntel,62.5,31.318
,,,,return,0,,9.349,0,9,9,9,1,fdteakor,unsolve,11735,2021-10-22_11h35.50.013,HCtest,2021.2.3,MacIntel,62.5,9.331
,,,,return,0,,1.033,0,10,10,10,1,ptajakn,kaptajn,11735,2021-10-22_11h35.50.013,HCtest,2021.2.3,MacIntel,62.5,1.02
,,,,return,0,,0.617,0,11,11,11,1,iovkonmr,mikroovn,11735,2021-10-22_11h35.50.013,HCtest,2021.2.3,MacIntel,62.5,0.6
,,,,return,0,,0.248,0,12,12,12,1,agotfiorf,fotografi,11735,2021-10-22_11h35.50.013,HCtest,2021.2.3,MacIntel,62.5,0.234
,,,,return,0,,0.217,0,13,13,13,1,apniggncmvo,campingvogn,11735,2021-10-22_11h35.50.013,HCtest,2021.2.3,MacIntel,62.5,0.203
,,,,return,0,,0.199,0,14,14,14,1,rktneleal,tallerken,11735,2021-10-22_11h35.50.013,HCtest,2021.2.3,MacIntel,62.5,0.186
,,,,return,0,,0.199,0,15,15,15,1,vkadato,advokat,11735,2021-10-22_11h35.50.013,HCtest,2021.2.3,MacIntel,62.5,0.182
