﻿key_resp.keys,key_resp.rt,key_resp_4.keys,key_resp_4.rt,key_resp_2.keys,key_resp_2.corr,anagram_answer,RT,trials.thisRepN,trials.thisTrialN,trials.thisN,trials.thisIndex,trials.ran,anagrams,correct,id,date,expName,psychopyVersion,OS,frameRate,key_resp_2.rt,anaEndEnter.keys,anaEndEnter.rt,key_resp_3.keys,key_resp_3.rt,IQresponse.keys,IQresponse.corr,IQpass.keys,IQpass.rt,trials_2.thisRepN,trials_2.thisTrialN,trials_2.thisN,trials_2.thisIndex,trials_2.ran,options,CorrectIQ,IQresponse.rt,key_resp_5.keys,key_resp_5.rt
return,34.229,return,22.856,,0,,0,0,0,0,0,1,remove,REMOVE,19268,2021-10-31_17h45.17,HCtest,2021.2.3,MacIntel,55.55555556,,,,,,,,,,,,,,,,,,,
,,,,return,0,drivhus,27.391,0,1,1,1,1,shdvrui,drivhus,19268,2021-10-31_17h45.17,HCtest,2021.2.3,MacIntel,55.55555556,27.363,,,,,,,,,,,,,,,,,,
,,,,return,0,kastanje,21.9,0,2,2,2,1,jasekatn,kastanje,19268,2021-10-31_17h45.17,HCtest,2021.2.3,MacIntel,55.55555556,21.888,,,,,,,,,,,,,,,,,,
,,,,return,0,modeshow,26.418,0,3,3,3,1,hmoodwse,modeshow,19268,2021-10-31_17h45.17,HCtest,2021.2.3,MacIntel,55.55555556,26.4,,,,,,,,,,,,,,,,,,
,,,,return,0,,74.304,0,4,4,4,1,edolsat,unsolve,19268,2021-10-31_17h45.17,HCtest,2021.2.3,MacIntel,55.55555556,74.287,,,,,,,,,,,,,,,,,,
,,,,return,0,menneske,119.391,0,5,5,5,1,esmeknen,menneske,19268,2021-10-31_17h45.17,HCtest,2021.2.3,MacIntel,55.55555556,119.37,,,,,,,,,,,,,,,,,,
,,,,return,0,,102.471,0,6,6,6,1,imafeil,familie,19268,2021-10-31_17h45.17,HCtest,2021.2.3,MacIntel,55.55555556,102.452,,,,,,,,,,,,,,,,,,
,,,,return,0,hospital ,81.906,0,7,7,7,1,ptilaosh,hospital,19268,2021-10-31_17h45.17,HCtest,2021.2.3,MacIntel,55.55555556,81.896,,,,,,,,,,,,,,,,,,
,,,,return,0,,135.725,0,8,8,8,1,anisplep,appelsin,19268,2021-10-31_17h45.17,HCtest,2021.2.3,MacIntel,55.55555556,135.715,,,,,,,,,,,,,,,,,,
,,,,return,0,,161.21,0,9,9,9,1,fdteakor,unsolve,19268,2021-10-31_17h45.17,HCtest,2021.2.3,MacIntel,55.55555556,161.193,,,,,,,,,,,,,,,,,,
,,,,return,0,kaptajn ,11.249,0,10,10,10,1,ptajakn,kaptajn,19268,2021-10-31_17h45.17,HCtest,2021.2.3,MacIntel,55.55555556,11.23,,,,,,,,,,,,,,,,,,
,,,,return,0,,108.123,0,11,11,11,1,iovkonmr,mikroovn,19268,2021-10-31_17h45.17,HCtest,2021.2.3,MacIntel,55.55555556,108.112,,,,,,,,,,,,,,,,,,
,,,,return,0,fotografi,18.801,0,12,12,12,1,agotfiorf,fotografi,19268,2021-10-31_17h45.17,HCtest,2021.2.3,MacIntel,55.55555556,18.789,,,,,,,,,,,,,,,,,,
,,,,return,0,,106.923,0,13,13,13,1,apniggncmvo,campingvogn,19268,2021-10-31_17h45.17,HCtest,2021.2.3,MacIntel,55.55555556,106.904,,,,,,,,,,,,,,,,,,
,,,,return,0,tallerken ,62.37,0,14,14,14,1,rktneleal,tallerken,19268,2021-10-31_17h45.17,HCtest,2021.2.3,MacIntel,55.55555556,62.36,,,,,,,,,,,,,,,,,,
,,,,return,0,advokat,42.352,0,15,15,15,1,vkadato,advokat,19268,2021-10-31_17h45.17,HCtest,2021.2.3,MacIntel,55.55555556,42.335,,,,,,,,,,,,,,,,,,
,,,,,,,251.808,,,,,,,,19268,2021-10-31_17h45.17,HCtest,2021.2.3,MacIntel,55.55555556,,return,6.257,return,16.109,,0,return,251.763,0,0,0,7,1,Slide10.png,b,,,
,,,,,,,169.627,,,,,,,,19268,2021-10-31_17h45.17,HCtest,2021.2.3,MacIntel,55.55555556,,,,,,g,1,,,0,1,1,1,1,Slide4.png,g,169.591,,
,,,,,,,65.803,,,,,,,,19268,2021-10-31_17h45.17,HCtest,2021.2.3,MacIntel,55.55555556,,,,,,h,1,,,0,2,2,3,1,Slide6.png,h,65.764,,
,,,,,,,48.403,,,,,,,,19268,2021-10-31_17h45.17,HCtest,2021.2.3,MacIntel,55.55555556,,,,,,d,1,,,0,3,3,2,1,Slide5.png,d,48.369,,
,,,,,,,161.244,,,,,,,,19268,2021-10-31_17h45.17,HCtest,2021.2.3,MacIntel,55.55555556,,,,,,d,0,,,0,4,4,5,1,Slide8.png,h,161.201,,
,,,,,,,119.207,,,,,,,,19268,2021-10-31_17h45.17,HCtest,2021.2.3,MacIntel,55.55555556,,,,,,,0,return,119.171,0,5,5,6,1,Slide9.png,f,,,
,,,,,,,58.321,,,,,,,,19268,2021-10-31_17h45.17,HCtest,2021.2.3,MacIntel,55.55555556,,,,,,d,1,,,0,6,6,0,1,Slide3.png,d,58.29,,
,,,,,,,78.589,,,,,,,,19268,2021-10-31_17h45.17,HCtest,2021.2.3,MacIntel,55.55555556,,,,,,c,0,,,0,7,7,4,1,Slide7.png,e,78.556,,
,,,,,,,,,,,,,,,19268,2021-10-31_17h45.17,HCtest,2021.2.3,MacIntel,55.55555556,,,,,,,,,,,,,,,,,,return,7.06
