﻿key_resp.keys,key_resp.rt,key_resp_4.keys,key_resp_4.rt,key_resp_2.keys,key_resp_2.corr,anagram_answer,RT,trials.thisRepN,trials.thisTrialN,trials.thisN,trials.thisIndex,trials.ran,anagrams,correct,id,date,expName,psychopyVersion,OS,frameRate,key_resp_2.rt
return,22.2578,return,28.2242,,0,,0.0009,0,0,0,0,1,remove,REMOVE,5641,2021-10-20_12h43.13.745,HCtest,2021.2.3,Win32,60.07449237,
,,,,return,0,drivhus,61.3022,0,1,1,1,1,shdvrui,drivhus,5641,2021-10-20_12h43.13.745,HCtest,2021.2.3,Win32,60.07449237,61.2867
,,,,return,0,natkajse,66.1111,0,2,2,2,1,jasekatn,kastanje,5641,2021-10-20_12h43.13.745,HCtest,2021.2.3,Win32,60.07449237,66.0977
,,,,return,0,,129.9282,0,3,3,3,1,hmoodwse,modeshow,5641,2021-10-20_12h43.13.745,HCtest,2021.2.3,Win32,60.07449237,129.9104
,,,,return,0,,170.9079,0,4,4,4,1,edolsat,unsolve,5641,2021-10-20_12h43.13.745,HCtest,2021.2.3,Win32,60.07449237,170.8894
,,,,return,0,menneske,64.8164,0,5,5,5,1,esmeknen,menneske,5641,2021-10-20_12h43.13.745,HCtest,2021.2.3,Win32,60.07449237,64.8025
,,,,return,0,familie,21.9029,0,6,6,6,1,imafeil,familie,5641,2021-10-20_12h43.13.745,HCtest,2021.2.3,Win32,60.07449237,21.8915
,,,,return,0,hospital,19.9866,0,7,7,7,1,ptilaosh,hospital,5641,2021-10-20_12h43.13.745,HCtest,2021.2.3,Win32,60.07449237,19.9776
,,,,return,0,,111.6273,0,8,8,8,1,anisplep,appelsin,5641,2021-10-20_12h43.13.745,HCtest,2021.2.3,Win32,60.07449237,111.6132
,,,,return,0,,195.2756,0,9,9,9,1,fdteakor,unsolve,5641,2021-10-20_12h43.13.745,HCtest,2021.2.3,Win32,60.07449237,195.2694
,,,,return,0,kaptajn,43.2868,0,10,10,10,1,ptajakn,kaptajn,5641,2021-10-20_12h43.13.745,HCtest,2021.2.3,Win32,60.07449237,43.2811
,,,,return,0,,178.2554,0,11,11,11,1,iovkonmr,mikroovn,5641,2021-10-20_12h43.13.745,HCtest,2021.2.3,Win32,60.07449237,178.2406
,,,,return,0,,159.5286,0,12,12,12,1,agotfiorf,fotografi,5641,2021-10-20_12h43.13.745,HCtest,2021.2.3,Win32,60.07449237,159.522
