﻿key_resp.keys,key_resp.rt,key_resp_4.keys,key_resp_4.rt,key_resp_2.keys,key_resp_2.corr,anagram_answer,RT,trials.thisRepN,trials.thisTrialN,trials.thisN,trials.thisIndex,trials.ran,anagrams,correct,id,date,expName,psychopyVersion,OS,frameRate,key_resp_2.rt,anaEndEnter.keys,anaEndEnter.rt,key_resp_3.keys,key_resp_3.rt,IQresponse.keys,IQresponse.corr,IQresponse.rt,IQpass.keys,trials_2.thisRepN,trials_2.thisTrialN,trials_2.thisN,trials_2.thisIndex,trials_2.ran,options,CorrectIQ,key_resp_5.keys,key_resp_5.rt
return,16.896,return,16.243,,0,,0,0,0,0,0,1,remove,REMOVE,12692,2021-10-17_14h11.55.402,HCtest,2021.2.3,MacIntel,58.82352941,,,,,,,,,,,,,,,,,,
,,,,return,0,,34.342,0,1,1,1,1,shdvrui,drivhus,12692,2021-10-17_14h11.55.402,HCtest,2021.2.3,MacIntel,58.82352941,34.317,,,,,,,,,,,,,,,,,
,,,,return,0,kastajne,28.183,0,2,2,2,1,jasekatn,kastanje,12692,2021-10-17_14h11.55.402,HCtest,2021.2.3,MacIntel,58.82352941,28.175,,,,,,,,,,,,,,,,,
,,,,return,0,,140.15,0,3,3,3,1,hmoodwse,modeshow,12692,2021-10-17_14h11.55.402,HCtest,2021.2.3,MacIntel,58.82352941,140.142,,,,,,,,,,,,,,,,,
,,,,return,0,,153.252,0,4,4,4,1,edolsat,unsolve,12692,2021-10-17_14h11.55.402,HCtest,2021.2.3,MacIntel,58.82352941,153.245,,,,,,,,,,,,,,,,,
,,,,return,0,menneske,15.517,0,5,5,5,1,esmeknen,menneske,12692,2021-10-17_14h11.55.402,HCtest,2021.2.3,MacIntel,58.82352941,15.511,,,,,,,,,,,,,,,,,
,,,,return,0,familie,21.08,0,6,6,6,1,imafeil,familie,12692,2021-10-17_14h11.55.402,HCtest,2021.2.3,MacIntel,58.82352941,21.067,,,,,,,,,,,,,,,,,
,,,,return,0,hospital,51.168,0,7,7,7,1,ptilaosh,hospital,12692,2021-10-17_14h11.55.402,HCtest,2021.2.3,MacIntel,58.82352941,51.161,,,,,,,,,,,,,,,,,
,,,,return,0,,277.416,0,8,8,8,1,anisplep,appelsin,12692,2021-10-17_14h11.55.402,HCtest,2021.2.3,MacIntel,58.82352941,277.399,,,,,,,,,,,,,,,,,
,,,,return,0,,241.106,0,9,9,9,1,fdteakor,unsolve,12692,2021-10-17_14h11.55.402,HCtest,2021.2.3,MacIntel,58.82352941,241.1,,,,,,,,,,,,,,,,,
,,,,return,0,kaptajn,15.314,0,10,10,10,1,ptajakn,kaptajn,12692,2021-10-17_14h11.55.402,HCtest,2021.2.3,MacIntel,58.82352941,15.299,,,,,,,,,,,,,,,,,
,,,,return,0,,222.971,0,11,11,11,1,iovkonmr,mikroovn,12692,2021-10-17_14h11.55.402,HCtest,2021.2.3,MacIntel,58.82352941,222.955,,,,,,,,,,,,,,,,,
,,,,return,0,fotografi,43.068,0,12,12,12,1,agotfiorf,fotografi,12692,2021-10-17_14h11.55.402,HCtest,2021.2.3,MacIntel,58.82352941,43.062,,,,,,,,,,,,,,,,,
,,,,return,0,,74.964,0,13,13,13,1,apniggncmvo,campingvogn,12692,2021-10-17_14h11.55.402,HCtest,2021.2.3,MacIntel,58.82352941,74.946,,,,,,,,,,,,,,,,,
,,,,return,0,kanteller,59.867,0,14,14,14,1,rktneleal,tallerken,12692,2021-10-17_14h11.55.402,HCtest,2021.2.3,MacIntel,58.82352941,59.851,,,,,,,,,,,,,,,,,
,,,,return,0,avokat,25.5,0,15,15,15,1,vkadato,advokat,12692,2021-10-17_14h11.55.402,HCtest,2021.2.3,MacIntel,58.82352941,25.482,,,,,,,,,,,,,,,,,
,,,,,,,100.245,,,,,,,,12692,2021-10-17_14h11.55.402,HCtest,2021.2.3,MacIntel,58.82352941,,return,6.697,return,19.244,b,0,100.228,,0,0,0,2,1,Slide5.png,d,,
,,,,,,,30.735,,,,,,,,12692,2021-10-17_14h11.55.402,HCtest,2021.2.3,MacIntel,58.82352941,,,,,,b,0,30.715,,0,1,1,0,1,Slide3.png,d,,
,,,,,,,21.331,,,,,,,,12692,2021-10-17_14h11.55.402,HCtest,2021.2.3,MacIntel,58.82352941,,,,,,g,0,21.3,,0,2,2,5,1,Slide8.png,h,,
,,,,,,,65.967,,,,,,,,12692,2021-10-17_14h11.55.402,HCtest,2021.2.3,MacIntel,58.82352941,,,,,,f,1,65.937,,0,3,3,6,1,Slide9.png,f,,
,,,,,,,33.767,,,,,,,,12692,2021-10-17_14h11.55.402,HCtest,2021.2.3,MacIntel,58.82352941,,,,,,h,0,33.748,,0,4,4,4,1,Slide7.png,e,,
,,,,,,,12.03,,,,,,,,12692,2021-10-17_14h11.55.402,HCtest,2021.2.3,MacIntel,58.82352941,,,,,,a,0,12.001,,0,5,5,1,1,Slide4.png,g,,
,,,,,,,27.833,,,,,,,,12692,2021-10-17_14h11.55.402,HCtest,2021.2.3,MacIntel,58.82352941,,,,,,a,0,27.805,,0,6,6,7,1,Slide10.png,b,,
,,,,,,,29.968,,,,,,,,12692,2021-10-17_14h11.55.402,HCtest,2021.2.3,MacIntel,58.82352941,,,,,,g,0,29.948,,0,7,7,3,1,Slide6.png,h,,
,,,,,,,,,,,,,,,12692,2021-10-17_14h11.55.402,HCtest,2021.2.3,MacIntel,58.82352941,,,,,,,,,,,,,,,,,return,2.914
