﻿key_resp.keys,key_resp.rt,key_resp_4.keys,key_resp_4.rt,key_resp_2.keys,key_resp_2.corr,anagram_answer,RT,trials.thisRepN,trials.thisTrialN,trials.thisN,trials.thisIndex,trials.ran,anagrams,correct,id,date,expName,psychopyVersion,OS,frameRate,key_resp_2.rt,anaEndEnter.keys,anaEndEnter.rt,key_resp_3.keys,key_resp_3.rt,IQresponse.keys,IQresponse.corr,IQresponse.rt,IQpass.keys,trials_2.thisRepN,trials_2.thisTrialN,trials_2.thisN,trials_2.thisIndex,trials_2.ran,options,CorrectIQ,IQpass.rt,key_resp_5.keys,key_resp_5.rt
return,21.958,return,25.79,,0,,0.001,0,0,0,0,1,remove,REMOVE,16727,2021-10-13_15h58.51.979,HCtest,2021.2.3,MacIntel,62.5,,,,,,,,,,,,,,,,,,,
,,,,return,0,,56.157,0,1,1,1,1,shdvrui,drivhus,16727,2021-10-13_15h58.51.979,HCtest,2021.2.3,MacIntel,62.5,56.125,,,,,,,,,,,,,,,,,,
,,,,return,0,kastanje,19.41,0,2,2,2,1,jasekatn,kastanje,16727,2021-10-13_15h58.51.979,HCtest,2021.2.3,MacIntel,62.5,19.385,,,,,,,,,,,,,,,,,,
,,,,return,0,,34.405,0,3,3,3,1,hmoodwse,modeshow,16727,2021-10-13_15h58.51.979,HCtest,2021.2.3,MacIntel,62.5,34.382,,,,,,,,,,,,,,,,,,
,,,,return,0,soldate,34.789,0,4,4,4,1,edolsat,unsolve,16727,2021-10-13_15h58.51.979,HCtest,2021.2.3,MacIntel,62.5,34.775,,,,,,,,,,,,,,,,,,
,,,,return,0,menneske,8.826,0,5,5,5,1,esmeknen,menneske,16727,2021-10-13_15h58.51.979,HCtest,2021.2.3,MacIntel,62.5,8.81,,,,,,,,,,,,,,,,,,
,,,,return,0,,37.682,0,6,6,6,1,imafeil,familie,16727,2021-10-13_15h58.51.979,HCtest,2021.2.3,MacIntel,62.5,37.655,,,,,,,,,,,,,,,,,,
,,,,return,0,,24.859,0,7,7,7,1,ptilaosh,hospital,16727,2021-10-13_15h58.51.979,HCtest,2021.2.3,MacIntel,62.5,24.833,,,,,,,,,,,,,,,,,,
,,,,return,0,,46.912,0,8,8,8,1,anisplep,appelsin,16727,2021-10-13_15h58.51.979,HCtest,2021.2.3,MacIntel,62.5,46.892,,,,,,,,,,,,,,,,,,
,,,,return,0,raketfod,65.785,0,9,9,9,1,fdteakor,unsolve,16727,2021-10-13_15h58.51.979,HCtest,2021.2.3,MacIntel,62.5,65.758,,,,,,,,,,,,,,,,,,
,,,,return,0,kaptajn,17.336,0,10,10,10,1,ptajakn,kaptajn,16727,2021-10-13_15h58.51.979,HCtest,2021.2.3,MacIntel,62.5,17.311,,,,,,,,,,,,,,,,,,
,,,,return,0,,32.132,0,11,11,11,1,iovkonmr,mikroovn,16727,2021-10-13_15h58.51.979,HCtest,2021.2.3,MacIntel,62.5,32.114,,,,,,,,,,,,,,,,,,
,,,,return,0,,8.925,0,12,12,12,1,agotfiorf,fotografi,16727,2021-10-13_15h58.51.979,HCtest,2021.2.3,MacIntel,62.5,8.909,,,,,,,,,,,,,,,,,,
,,,,return,0,,9.295,0,13,13,13,1,apniggncmvo,campingvogn,16727,2021-10-13_15h58.51.979,HCtest,2021.2.3,MacIntel,62.5,9.278,,,,,,,,,,,,,,,,,,
,,,,return,0,,13.825,0,14,14,14,1,rktneleal,tallerken,16727,2021-10-13_15h58.51.979,HCtest,2021.2.3,MacIntel,62.5,13.804,,,,,,,,,,,,,,,,,,
,,,,return,0,,34.39,0,15,15,15,1,vkadato,advokat,16727,2021-10-13_15h58.51.979,HCtest,2021.2.3,MacIntel,62.5,34.373,,,,,,,,,,,,,,,,,,
,,,,,,,97.184,,,,,,,,16727,2021-10-13_15h58.51.979,HCtest,2021.2.3,MacIntel,62.5,,return,2.84,return,17.189,a,0,97.128,,0,0,0,6,1,Slide9.png,f,,,
,,,,,,,16.766,,,,,,,,16727,2021-10-13_15h58.51.979,HCtest,2021.2.3,MacIntel,62.5,,,,,,c,0,16.712,,0,1,1,4,1,Slide7.png,e,,,
,,,,,,,19.243,,,,,,,,16727,2021-10-13_15h58.51.979,HCtest,2021.2.3,MacIntel,62.5,,,,,,b,0,19.192,,0,2,2,3,1,Slide6.png,h,,,
,,,,,,,12.487,,,,,,,,16727,2021-10-13_15h58.51.979,HCtest,2021.2.3,MacIntel,62.5,,,,,,a,0,12.439,,0,3,3,1,1,Slide4.png,g,,,
,,,,,,,22.603,,,,,,,,16727,2021-10-13_15h58.51.979,HCtest,2021.2.3,MacIntel,62.5,,,,,,a,0,22.551,,0,4,4,2,1,Slide5.png,d,,,
,,,,,,,8.459,,,,,,,,16727,2021-10-13_15h58.51.979,HCtest,2021.2.3,MacIntel,62.5,,,,,,e,0,8.412,,0,5,5,5,1,Slide8.png,h,,,
,,,,,,,14.829,,,,,,,,16727,2021-10-13_15h58.51.979,HCtest,2021.2.3,MacIntel,62.5,,,,,,b,0,14.777,,0,6,6,0,1,Slide3.png,d,,,
,,,,,,,2.925,,,,,,,,16727,2021-10-13_15h58.51.979,HCtest,2021.2.3,MacIntel,62.5,,,,,,,0,,return,0,7,7,7,1,Slide10.png,b,2.873,,
,,,,,,,,,,,,,,,16727,2021-10-13_15h58.51.979,HCtest,2021.2.3,MacIntel,62.5,,,,,,,,,,,,,,,,,,return,3.079
