﻿key_resp.keys,key_resp.rt,key_resp_4.keys,key_resp_4.rt,key_resp_2.keys,key_resp_2.corr,anagram_answer,RT,trials.thisRepN,trials.thisTrialN,trials.thisN,trials.thisIndex,trials.ran,anagrams,correct,id,date,expName,psychopyVersion,OS,frameRate,key_resp_2.rt,anaEndEnter.keys,anaEndEnter.rt,key_resp_3.keys,key_resp_3.rt,IQresponse.keys,IQresponse.corr,IQresponse.rt,IQpass.keys,trials_2.thisRepN,trials_2.thisTrialN,trials_2.thisN,trials_2.thisIndex,trials_2.ran,options,CorrectIQ,key_resp_5.keys,key_resp_5.rt
return,19.7878,return,21.5189,,0,,0.0003,0,0,0,0,1,remove,REMOVE,12968,2021-10-14_13h23.31.289,HCtest,2021.2.3,Win32,59.97720866,,,,,,,,,,,,,,,,,,
,,,,return,0,drivhus,79.8824,0,1,1,1,1,shdvrui,drivhus,12968,2021-10-14_13h23.31.289,HCtest,2021.2.3,Win32,59.97720866,79.8478,,,,,,,,,,,,,,,,,
,,,,return,0,kastanje,43.8044,0,2,2,2,1,jasekatn,kastanje,12968,2021-10-14_13h23.31.289,HCtest,2021.2.3,Win32,59.97720866,43.7866,,,,,,,,,,,,,,,,,
,,,,return,0,mood,240.691,0,3,3,3,1,hmoodwse,modeshow,12968,2021-10-14_13h23.31.289,HCtest,2021.2.3,Win32,59.97720866,240.6708,,,,,,,,,,,,,,,,,
,,,,return,0,toladel,199.9399,0,4,4,4,1,edolsat,unsolve,12968,2021-10-14_13h23.31.289,HCtest,2021.2.3,Win32,59.97720866,199.9267,,,,,,,,,,,,,,,,,
,,,,return,0,menneske,43.9707,0,5,5,5,1,esmeknen,menneske,12968,2021-10-14_13h23.31.289,HCtest,2021.2.3,Win32,59.97720866,43.9603,,,,,,,,,,,,,,,,,
,,,,return,0,familie,34.0874,0,6,6,6,1,imafeil,familie,12968,2021-10-14_13h23.31.289,HCtest,2021.2.3,Win32,59.97720866,34.0724,,,,,,,,,,,,,,,,,
,,,,return,0,hospital,11.0066,0,7,7,7,1,ptilaosh,hospital,12968,2021-10-14_13h23.31.289,HCtest,2021.2.3,Win32,59.97720866,10.9925,,,,,,,,,,,,,,,,,
,,,,return,0,appelsin,81.5715,0,8,8,8,1,anisplep,appelsin,12968,2021-10-14_13h23.31.289,HCtest,2021.2.3,Win32,59.97720866,81.5629,,,,,,,,,,,,,,,,,
,,,,return,0,kretafod,253.6242,0,9,9,9,1,fdteakor,unsolve,12968,2021-10-14_13h23.31.289,HCtest,2021.2.3,Win32,59.97720866,253.6084,,,,,,,,,,,,,,,,,
,,,,return,0,kaptajn,45.5044,0,10,10,10,1,ptajakn,kaptajn,12968,2021-10-14_13h23.31.289,HCtest,2021.2.3,Win32,59.97720866,45.4841,,,,,,,,,,,,,,,,,
,,,,return,0,mikroovn,88.6213,0,11,11,11,1,iovkonmr,mikroovn,12968,2021-10-14_13h23.31.289,HCtest,2021.2.3,Win32,59.97720866,88.6015,,,,,,,,,,,,,,,,,
,,,,return,0,fotografi,58.0713,0,12,12,12,1,agotfiorf,fotografi,12968,2021-10-14_13h23.31.289,HCtest,2021.2.3,Win32,59.97720866,58.0529,,,,,,,,,,,,,,,,,
,,,,return,0,campingvogn,6.5835,0,13,13,13,1,apniggncmvo,campingvogn,12968,2021-10-14_13h23.31.289,HCtest,2021.2.3,Win32,59.97720866,6.5727,,,,,,,,,,,,,,,,,
,,,,return,0,knallert,43.721,0,14,14,14,1,rktneleal,tallerken,12968,2021-10-14_13h23.31.289,HCtest,2021.2.3,Win32,59.97720866,43.702,,,,,,,,,,,,,,,,,
,,,,return,0,advokat,24.1542,0,15,15,15,1,vkadato,advokat,12968,2021-10-14_13h23.31.289,HCtest,2021.2.3,Win32,59.97720866,24.1465,,,,,,,,,,,,,,,,,
,,,,,,,30.7744,,,,,,,,12968,2021-10-14_13h23.31.289,HCtest,2021.2.3,Win32,59.97720866,,return,4.2008,return,14.6921,d,1,30.7182,,0,0,0,2,1,Slide5.png,d,,
,,,,,,,16.0831,,,,,,,,12968,2021-10-14_13h23.31.289,HCtest,2021.2.3,Win32,59.97720866,,,,,,h,1,16.0285,,0,1,1,3,1,Slide6.png,h,,
,,,,,,,39.6679,,,,,,,,12968,2021-10-14_13h23.31.289,HCtest,2021.2.3,Win32,59.97720866,,,,,,b,1,39.6173,,0,2,2,7,1,Slide10.png,b,,
,,,,,,,31.6173,,,,,,,,12968,2021-10-14_13h23.31.289,HCtest,2021.2.3,Win32,59.97720866,,,,,,h,1,31.5451,,0,3,3,5,1,Slide8.png,h,,
,,,,,,,72.1036,,,,,,,,12968,2021-10-14_13h23.31.289,HCtest,2021.2.3,Win32,59.97720866,,,,,,f,0,72.0487,,0,4,4,4,1,Slide7.png,e,,
,,,,,,,13.8175,,,,,,,,12968,2021-10-14_13h23.31.289,HCtest,2021.2.3,Win32,59.97720866,,,,,,d,1,13.752,,0,5,5,0,1,Slide3.png,d,,
,,,,,,,67.9578,,,,,,,,12968,2021-10-14_13h23.31.289,HCtest,2021.2.3,Win32,59.97720866,,,,,,h,0,67.9043,,0,6,6,6,1,Slide9.png,f,,
,,,,,,,31.0116,,,,,,,,12968,2021-10-14_13h23.31.289,HCtest,2021.2.3,Win32,59.97720866,,,,,,g,1,30.9482,,0,7,7,1,1,Slide4.png,g,,
,,,,,,,,,,,,,,,12968,2021-10-14_13h23.31.289,HCtest,2021.2.3,Win32,59.97720866,,,,,,,,,,,,,,,,,return,13.7497
