﻿key_resp.keys,key_resp.rt,key_resp_4.keys,key_resp_4.rt,key_resp_2.keys,key_resp_2.corr,anagram_answer,RT,trials.thisRepN,trials.thisTrialN,trials.thisN,trials.thisIndex,trials.ran,anagrams,correct,id,date,expName,psychopyVersion,OS,frameRate,key_resp_2.rt,anaEndEnter.keys,anaEndEnter.rt,key_resp_3.keys,key_resp_3.rt,IQresponse.keys,IQresponse.corr,IQresponse.rt,IQpass.keys,trials_2.thisRepN,trials_2.thisTrialN,trials_2.thisN,trials_2.thisIndex,trials_2.ran,options,CorrectIQ,key_resp_5.keys,key_resp_5.rt
return,21.7477,return,16.9293,,0,,0.001,0,0,0,0,1,remove,REMOVE,19607,2021-10-18_16h46.42.452,HCtest,2021.2.3,Win32,59.04233335,,,,,,,,,,,,,,,,,,
,,,,return,0,hvidrus,101.1162,0,1,1,1,1,shdvrui,drivhus,19607,2021-10-18_16h46.42.452,HCtest,2021.2.3,Win32,59.04233335,101.0084,,,,,,,,,,,,,,,,,
,,,,return,0,tankejas,133.145,0,2,2,2,1,jasekatn,kastanje,19607,2021-10-18_16h46.42.452,HCtest,2021.2.3,Win32,59.04233335,133.124,,,,,,,,,,,,,,,,,
,,,,return,0,somehowd,137.4581,0,3,3,3,1,hmoodwse,modeshow,19607,2021-10-18_16h46.42.452,HCtest,2021.2.3,Win32,59.04233335,137.4477,,,,,,,,,,,,,,,,,
,,,,return,0,soldate,42.2159,0,4,4,4,1,edolsat,unsolve,19607,2021-10-18_16h46.42.452,HCtest,2021.2.3,Win32,59.04233335,42.1976,,,,,,,,,,,,,,,,,
,,,,return,0,menneske,6.3283,0,5,5,5,1,esmeknen,menneske,19607,2021-10-18_16h46.42.452,HCtest,2021.2.3,Win32,59.04233335,6.3136,,,,,,,,,,,,,,,,,
,,,,return,0,familie,21.1091,0,6,6,6,1,imafeil,familie,19607,2021-10-18_16h46.42.452,HCtest,2021.2.3,Win32,59.04233335,21.0925,,,,,,,,,,,,,,,,,
,,,,return,0,litoshap,117.7158,0,7,7,7,1,ptilaosh,hospital,19607,2021-10-18_16h46.42.452,HCtest,2021.2.3,Win32,59.04233335,117.7013,,,,,,,,,,,,,,,,,
,,,,return,0,appelsin,9.6109,0,8,8,8,1,anisplep,appelsin,19607,2021-10-18_16h46.42.452,HCtest,2021.2.3,Win32,59.04233335,9.5909,,,,,,,,,,,,,,,,,
,,,,return,0,defaktor,35.476,0,9,9,9,1,fdteakor,unsolve,19607,2021-10-18_16h46.42.452,HCtest,2021.2.3,Win32,59.04233335,35.4596,,,,,,,,,,,,,,,,,
,,,,return,0,kaptjan,7.7786,0,10,10,10,1,ptajakn,kaptajn,19607,2021-10-18_16h46.42.452,HCtest,2021.2.3,Win32,59.04233335,7.7673,,,,,,,,,,,,,,,,,
,,,,return,0,kromoniv,91.5512,0,11,11,11,1,iovkonmr,mikroovn,19607,2021-10-18_16h46.42.452,HCtest,2021.2.3,Win32,59.04233335,91.5403,,,,,,,,,,,,,,,,,
,,,,return,0,trogaffo,93.6578,0,12,12,12,1,agotfiorf,fotografi,19607,2021-10-18_16h46.42.452,HCtest,2021.2.3,Win32,59.04233335,93.6486,,,,,,,,,,,,,,,,,
,,,,return,0,pas,49.0513,0,13,13,13,1,apniggncmvo,campingvogn,19607,2021-10-18_16h46.42.452,HCtest,2021.2.3,Win32,59.04233335,49.0432,,,,,,,,,,,,,,,,,
,,,,return,0,tranellek,40.5722,0,14,14,14,1,rktneleal,tallerken,19607,2021-10-18_16h46.42.452,HCtest,2021.2.3,Win32,59.04233335,40.5613,,,,,,,,,,,,,,,,,
,,,,return,0,advokat,44.712,0,15,15,15,1,vkadato,advokat,19607,2021-10-18_16h46.42.452,HCtest,2021.2.3,Win32,59.04233335,44.6951,,,,,,,,,,,,,,,,,
,,,,,,,147.1005,,,,,,,,19607,2021-10-18_16h46.42.452,HCtest,2021.2.3,Win32,59.04233335,,return,38.4292,return,28.4876,b,0,146.9834,,0,0,0,3,1,Slide6.png,h,,
,,,,,,,95.5032,,,,,,,,19607,2021-10-18_16h46.42.452,HCtest,2021.2.3,Win32,59.04233335,,,,,,h,1,95.3379,,0,1,1,5,1,Slide8.png,h,,
,,,,,,,61.7838,,,,,,,,19607,2021-10-18_16h46.42.452,HCtest,2021.2.3,Win32,59.04233335,,,,,,d,1,61.6594,,0,2,2,2,1,Slide5.png,d,,
,,,,,,,29.8564,,,,,,,,19607,2021-10-18_16h46.42.452,HCtest,2021.2.3,Win32,59.04233335,,,,,,h,0,29.7562,,0,3,3,0,1,Slide3.png,d,,
,,,,,,,61.3006,,,,,,,,19607,2021-10-18_16h46.42.452,HCtest,2021.2.3,Win32,59.04233335,,,,,,f,0,61.1713,,0,4,4,7,1,Slide10.png,b,,
,,,,,,,82.4993,,,,,,,,19607,2021-10-18_16h46.42.452,HCtest,2021.2.3,Win32,59.04233335,,,,,,b,0,82.3703,,0,5,5,1,1,Slide4.png,g,,
,,,,,,,78.4309,,,,,,,,19607,2021-10-18_16h46.42.452,HCtest,2021.2.3,Win32,59.04233335,,,,,,e,1,78.3029,,0,6,6,4,1,Slide7.png,e,,
,,,,,,,91.3965,,,,,,,,19607,2021-10-18_16h46.42.452,HCtest,2021.2.3,Win32,59.04233335,,,,,,f,1,91.2688,,0,7,7,6,1,Slide9.png,f,,
,,,,,,,,,,,,,,,19607,2021-10-18_16h46.42.452,HCtest,2021.2.3,Win32,59.04233335,,,,,,,,,,,,,,,,,return,4.3152
