﻿key_resp.keys,key_resp.rt,key_resp_4.keys,key_resp_4.rt,key_resp_2.keys,key_resp_2.corr,anagram_answer,RT,trials.thisRepN,trials.thisTrialN,trials.thisN,trials.thisIndex,trials.ran,anagrams,correct,id,date,expName,psychopyVersion,OS,frameRate,key_resp_2.rt,anaEndEnter.keys,anaEndEnter.rt,key_resp_3.keys,key_resp_3.rt,IQresponse.keys,IQresponse.corr,IQresponse.rt,IQpass.keys,trials_2.thisRepN,trials_2.thisTrialN,trials_2.thisN,trials_2.thisIndex,trials_2.ran,options,CorrectIQ,key_resp_5.keys,key_resp_5.rt
return,19.0971,return,9.0759,,0,,1E-04,0,0,0,0,1,remove,REMOVE,841,2021-10-28_11h40.22.332,HCtest,2021.2.3,MacIntel,59.97361161,,,,,,,,,,,,,,,,,,
,,,,return,0,drivhus,31.6419,0,1,1,1,1,shdvrui,drivhus,841,2021-10-28_11h40.22.332,HCtest,2021.2.3,MacIntel,59.97361161,31.6222,,,,,,,,,,,,,,,,,
,,,,return,0,kastanje,4.5254,0,2,2,2,1,jasekatn,kastanje,841,2021-10-28_11h40.22.332,HCtest,2021.2.3,MacIntel,59.97361161,4.503,,,,,,,,,,,,,,,,,
,,,,return,0,,60.5008,0,3,3,3,1,hmoodwse,modeshow,841,2021-10-28_11h40.22.332,HCtest,2021.2.3,MacIntel,59.97361161,60.4844,,,,,,,,,,,,,,,,,
,,,,return,0,,57.9307,0,4,4,4,1,edolsat,unsolve,841,2021-10-28_11h40.22.332,HCtest,2021.2.3,MacIntel,59.97361161,57.9179,,,,,,,,,,,,,,,,,
,,,,return,0,menneske,9.6755,0,5,5,5,1,esmeknen,menneske,841,2021-10-28_11h40.22.332,HCtest,2021.2.3,MacIntel,59.97361161,9.6568,,,,,,,,,,,,,,,,,
,,,,return,0,familie,5.9756,0,6,6,6,1,imafeil,familie,841,2021-10-28_11h40.22.332,HCtest,2021.2.3,MacIntel,59.97361161,5.956,,,,,,,,,,,,,,,,,
,,,,return,0,,29.1695,0,7,7,7,1,ptilaosh,hospital,841,2021-10-28_11h40.22.332,HCtest,2021.2.3,MacIntel,59.97361161,29.1499,,,,,,,,,,,,,,,,,
,,,,return,0,appelsin,13.9941,0,8,8,8,1,anisplep,appelsin,841,2021-10-28_11h40.22.332,HCtest,2021.2.3,MacIntel,59.97361161,13.9783,,,,,,,,,,,,,,,,,
,,,,return,0,defaktor,26.4675,0,9,9,9,1,fdteakor,unsolve,841,2021-10-28_11h40.22.332,HCtest,2021.2.3,MacIntel,59.97361161,26.4548,,,,,,,,,,,,,,,,,
,,,,return,0,kaptajn,13.7301,0,10,10,10,1,ptajakn,kaptajn,841,2021-10-28_11h40.22.332,HCtest,2021.2.3,MacIntel,59.97361161,13.7137,,,,,,,,,,,,,,,,,
,,,,return,0,,35.955,0,11,11,11,1,iovkonmr,mikroovn,841,2021-10-28_11h40.22.332,HCtest,2021.2.3,MacIntel,59.97361161,35.9356,,,,,,,,,,,,,,,,,
,,,,return,0,,39.8073,0,12,12,12,1,agotfiorf,fotografi,841,2021-10-28_11h40.22.332,HCtest,2021.2.3,MacIntel,59.97361161,39.7935,,,,,,,,,,,,,,,,,
,,,,return,0,campingvogn,7.1605,0,13,13,13,1,apniggncmvo,campingvogn,841,2021-10-28_11h40.22.332,HCtest,2021.2.3,MacIntel,59.97361161,7.1452,,,,,,,,,,,,,,,,,
,,,,return,0,,28.4856,0,14,14,14,1,rktneleal,tallerken,841,2021-10-28_11h40.22.332,HCtest,2021.2.3,MacIntel,59.97361161,28.4697,,,,,,,,,,,,,,,,,
,,,,return,0,,49.1298,0,15,15,15,1,vkadato,advokat,841,2021-10-28_11h40.22.332,HCtest,2021.2.3,MacIntel,59.97361161,49.1156,,,,,,,,,,,,,,,,,
,,,,,,,43.4347,,,,,,,,841,2021-10-28_11h40.22.332,HCtest,2021.2.3,MacIntel,59.97361161,,return,3.8849,return,75.28,e,0,43.3941,,0,0,0,5,1,Slide8.png,h,,
,,,,,,,31.8909,,,,,,,,841,2021-10-28_11h40.22.332,HCtest,2021.2.3,MacIntel,59.97361161,,,,,,e,1,31.8515,,0,1,1,4,1,Slide7.png,e,,
,,,,,,,73.3041,,,,,,,,841,2021-10-28_11h40.22.332,HCtest,2021.2.3,MacIntel,59.97361161,,,,,,f,0,73.2584,,0,2,2,7,1,Slide10.png,b,,
,,,,,,,8.4592,,,,,,,,841,2021-10-28_11h40.22.332,HCtest,2021.2.3,MacIntel,59.97361161,,,,,,a,0,8.42,,0,3,3,6,1,Slide9.png,f,,
,,,,,,,25.9024,,,,,,,,841,2021-10-28_11h40.22.332,HCtest,2021.2.3,MacIntel,59.97361161,,,,,,f,0,25.8638,,0,4,4,3,1,Slide6.png,h,,
,,,,,,,35.7051,,,,,,,,841,2021-10-28_11h40.22.332,HCtest,2021.2.3,MacIntel,59.97361161,,,,,,d,1,35.6591,,0,5,5,0,1,Slide3.png,d,,
,,,,,,,16.4963,,,,,,,,841,2021-10-28_11h40.22.332,HCtest,2021.2.3,MacIntel,59.97361161,,,,,,g,0,16.4572,,0,6,6,2,1,Slide5.png,d,,
,,,,,,,7.7086,,,,,,,,841,2021-10-28_11h40.22.332,HCtest,2021.2.3,MacIntel,59.97361161,,,,,,h,0,7.6596,,0,7,7,1,1,Slide4.png,g,,
,,,,,,,,,,,,,,,841,2021-10-28_11h40.22.332,HCtest,2021.2.3,MacIntel,59.97361161,,,,,,,,,,,,,,,,,return,12.0638
