﻿key_resp.keys,key_resp.rt,key_resp_4.keys,key_resp_4.rt,key_resp_2.keys,key_resp_2.corr,anagram_answer,RT,trials.thisRepN,trials.thisTrialN,trials.thisN,trials.thisIndex,trials.ran,anagrams,correct,id,date,expName,psychopyVersion,OS,frameRate,key_resp_2.rt,anaEndEnter.keys,anaEndEnter.rt,key_resp_3.keys,key_resp_3.rt,IQresponse.keys,IQresponse.corr,IQresponse.rt,IQpass.keys,trials_2.thisRepN,trials_2.thisTrialN,trials_2.thisN,trials_2.thisIndex,trials_2.ran,options,CorrectIQ,IQpass.rt,key_resp_5.keys,key_resp_5.rt
return,33.016,return,30.6,,0,,0,0,0,0,0,1,remove,REMOVE,221,2021-10-22_14h08.44.125,HCtest,2021.2.3,MacIntel,62.5,,,,,,,,,,,,,,,,,,,
,,,,return,0,drivhus,369.335,0,1,1,1,1,shdvrui,drivhus,221,2021-10-22_14h08.44.125,HCtest,2021.2.3,MacIntel,62.5,369.299,,,,,,,,,,,,,,,,,,
,,,,return,0,kastanje,78.949,0,2,2,2,1,jasekatn,kastanje,221,2021-10-22_14h08.44.125,HCtest,2021.2.3,MacIntel,62.5,78.935,,,,,,,,,,,,,,,,,,
,,,,return,0,modeshow,617.292,0,3,3,3,1,hmoodwse,modeshow,221,2021-10-22_14h08.44.125,HCtest,2021.2.3,MacIntel,62.5,617.268,,,,,,,,,,,,,,,,,,
,,,,return,0,,731.373,0,4,4,4,1,edolsat,unsolve,221,2021-10-22_14h08.44.125,HCtest,2021.2.3,MacIntel,62.5,731.349,,,,,,,,,,,,,,,,,,
,,,,return,0,menneske,77.516,0,5,5,5,1,esmeknen,menneske,221,2021-10-22_14h08.44.125,HCtest,2021.2.3,MacIntel,62.5,77.495,,,,,,,,,,,,,,,,,,
,,,,return,0,familie,150.964,0,6,6,6,1,imafeil,familie,221,2021-10-22_14h08.44.125,HCtest,2021.2.3,MacIntel,62.5,150.954,,,,,,,,,,,,,,,,,,
,,,,return,0,hospital,251.012,0,7,7,7,1,ptilaosh,hospital,221,2021-10-22_14h08.44.125,HCtest,2021.2.3,MacIntel,62.5,250.989,,,,,,,,,,,,,,,,,,
,,,,return,0,appelsin,210.697,0,8,8,8,1,anisplep,appelsin,221,2021-10-22_14h08.44.125,HCtest,2021.2.3,MacIntel,62.5,210.677,,,,,,,,,,,,,,,,,,
,,,,return,0,,399.611,0,9,9,9,1,fdteakor,unsolve,221,2021-10-22_14h08.44.125,HCtest,2021.2.3,MacIntel,62.5,399.591,,,,,,,,,,,,,,,,,,
,,,,return,0,kaptajn,11.332,0,10,10,10,1,ptajakn,kaptajn,221,2021-10-22_14h08.44.125,HCtest,2021.2.3,MacIntel,62.5,11.325,,,,,,,,,,,,,,,,,,
,,,,return,0,,208.246,0,11,11,11,1,iovkonmr,mikroovn,221,2021-10-22_14h08.44.125,HCtest,2021.2.3,MacIntel,62.5,208.226,,,,,,,,,,,,,,,,,,
,,,,return,0,,59.615,0,12,12,12,1,agotfiorf,fotografi,221,2021-10-22_14h08.44.125,HCtest,2021.2.3,MacIntel,62.5,59.597,,,,,,,,,,,,,,,,,,
,,,,return,0,,26.664,0,13,13,13,1,apniggncmvo,campingvogn,221,2021-10-22_14h08.44.125,HCtest,2021.2.3,MacIntel,62.5,26.656,,,,,,,,,,,,,,,,,,
,,,,return,0,,36.998,0,14,14,14,1,rktneleal,tallerken,221,2021-10-22_14h08.44.125,HCtest,2021.2.3,MacIntel,62.5,36.981,,,,,,,,,,,,,,,,,,
,,,,return,0,,40.115,0,15,15,15,1,vkadato,advokat,221,2021-10-22_14h08.44.125,HCtest,2021.2.3,MacIntel,62.5,40.106,,,,,,,,,,,,,,,,,,
,,,,,,,93.19,,,,,,,,221,2021-10-22_14h08.44.125,HCtest,2021.2.3,MacIntel,62.5,,return,6.309,return,32.748,f,0,93.161,,0,0,0,7,1,Slide10.png,b,,,
,,,,,,,114.581,,,,,,,,221,2021-10-22_14h08.44.125,HCtest,2021.2.3,MacIntel,62.5,,,,,,h,1,114.554,,0,1,1,3,1,Slide6.png,h,,,
,,,,,,,190.931,,,,,,,,221,2021-10-22_14h08.44.125,HCtest,2021.2.3,MacIntel,62.5,,,,,,,0,,return,0,2,2,6,1,Slide9.png,f,190.898,,
,,,,,,,117.781,,,,,,,,221,2021-10-22_14h08.44.125,HCtest,2021.2.3,MacIntel,62.5,,,,,,f,0,117.75,,0,3,3,4,1,Slide7.png,e,,,
,,,,,,,79.515,,,,,,,,221,2021-10-22_14h08.44.125,HCtest,2021.2.3,MacIntel,62.5,,,,,,,0,,return,0,4,4,1,1,Slide4.png,g,79.493,,
,,,,,,,91.165,,,,,,,,221,2021-10-22_14h08.44.125,HCtest,2021.2.3,MacIntel,62.5,,,,,,c,0,91.13,,0,5,5,5,1,Slide8.png,h,,,
,,,,,,,50.732,,,,,,,,221,2021-10-22_14h08.44.125,HCtest,2021.2.3,MacIntel,62.5,,,,,,d,1,50.711,,0,6,6,2,1,Slide5.png,d,,,
,,,,,,,52.266,,,,,,,,221,2021-10-22_14h08.44.125,HCtest,2021.2.3,MacIntel,62.5,,,,,,d,1,52.233,,0,7,7,0,1,Slide3.png,d,,,
,,,,,,,,,,,,,,,221,2021-10-22_14h08.44.125,HCtest,2021.2.3,MacIntel,62.5,,,,,,,,,,,,,,,,,,return,8.585
