﻿key_resp.keys,key_resp.rt,key_resp_4.keys,key_resp_4.rt,key_resp_2.keys,key_resp_2.corr,anagram_answer,RT,trials.thisRepN,trials.thisTrialN,trials.thisN,trials.thisIndex,trials.ran,anagrams,correct,id,date,expName,psychopyVersion,OS,frameRate,key_resp_2.rt
return,21.6625,return,18.4111,,0,,0.0004,0,0,0,0,1,remove,REMOVE,3416,2021-10-07_14h29.07.226,HCtest,2021.2.3,Win32,64,
,,,,return,0,hvidrus,481.6502,0,1,1,1,1,shdvrui,drivhus,3416,2021-10-07_14h29.07.226,HCtest,2021.2.3,Win32,64,481.6253
,,,,return,0,kastanje,166.1799,0,2,2,2,1,jasekatn,kastanje,3416,2021-10-07_14h29.07.226,HCtest,2021.2.3,Win32,64,166.1665
,,,,return,0,demoshow,266.1855,0,3,3,3,1,hmoodwse,modeshow,3416,2021-10-07_14h29.07.226,HCtest,2021.2.3,Win32,64,266.1716
,,,,return,0,,575.5623,0,4,4,4,1,edolsat,unsolve,3416,2021-10-07_14h29.07.226,HCtest,2021.2.3,Win32,64,575.5501
,,,,return,0,menneske,45.372,0,5,5,5,1,esmeknen,menneske,3416,2021-10-07_14h29.07.226,HCtest,2021.2.3,Win32,64,45.3502
,,,,return,0,familie,145.5768,0,6,6,6,1,imafeil,familie,3416,2021-10-07_14h29.07.226,HCtest,2021.2.3,Win32,64,145.5536
,,,,return,0,,486.6166,0,7,7,7,1,ptilaosh,hospital,3416,2021-10-07_14h29.07.226,HCtest,2021.2.3,Win32,64,486.5939
,,,,return,0,,69.1838,0,8,8,8,1,anisplep,appelsin,3416,2021-10-07_14h29.07.226,HCtest,2021.2.3,Win32,64,69.1727
,,,,return,0,,5.4838,0,9,9,9,1,fdteakor,unsolve,3416,2021-10-07_14h29.07.226,HCtest,2021.2.3,Win32,64,5.4706
,,,,return,0,,0.393,0,10,10,10,1,ptajakn,kaptajn,3416,2021-10-07_14h29.07.226,HCtest,2021.2.3,Win32,64,0.382
,,,,return,0,,0.1938,0,11,11,11,1,iovkonmr,mikroovn,3416,2021-10-07_14h29.07.226,HCtest,2021.2.3,Win32,64,0.1808
,,,,return,0,,0.2168,0,12,12,12,1,agotfiorf,fotografi,3416,2021-10-07_14h29.07.226,HCtest,2021.2.3,Win32,64,0.2021
,,,,return,0,,0.1754,0,13,13,13,1,apniggncmvo,campingvogn,3416,2021-10-07_14h29.07.226,HCtest,2021.2.3,Win32,64,0.1608
,,,,return,0,,0.2154,0,14,14,14,1,rktneleal,tallerken,3416,2021-10-07_14h29.07.226,HCtest,2021.2.3,Win32,64,0.2015
,,,,return,0,,0.1519,0,15,15,15,1,vkadato,advokat,3416,2021-10-07_14h29.07.226,HCtest,2021.2.3,Win32,64,0.1374
