﻿key_resp.keys,key_resp.rt,key_resp_4.keys,key_resp_4.rt,key_resp_2.keys,key_resp_2.corr,anagram_answer,RT,trials.thisRepN,trials.thisTrialN,trials.thisN,trials.thisIndex,trials.ran,anagrams,correct,id,date,expName,psychopyVersion,OS,frameRate,key_resp_2.rt,anaEndEnter.keys,anaEndEnter.rt,key_resp_3.keys,key_resp_3.rt,IQresponse.keys,IQresponse.corr,IQresponse.rt,IQpass.keys,trials_2.thisRepN,trials_2.thisTrialN,trials_2.thisN,trials_2.thisIndex,trials_2.ran,options,CorrectIQ,key_resp_5.keys,key_resp_5.rt
return,22.816,return,18.199,,0,,0,0,0,0,0,1,remove,REMOVE,3902,2021-10-11_18h57.56.171,HCtest,2021.2.3,MacIntel,62.5,,,,,,,,,,,,,,,,,,
,,,,return,0,vis hud,61.809,0,1,1,1,1,shdvrui,drivhus,3902,2021-10-11_18h57.56.171,HCtest,2021.2.3,MacIntel,62.5,61.794,,,,,,,,,,,,,,,,,
,,,,return,0,kastanje,38.233,0,2,2,2,1,jasekatn,kastanje,3902,2021-10-11_18h57.56.171,HCtest,2021.2.3,MacIntel,62.5,38.22,,,,,,,,,,,,,,,,,
,,,,return,0,,32.717,0,3,3,3,1,hmoodwse,modeshow,3902,2021-10-11_18h57.56.171,HCtest,2021.2.3,MacIntel,62.5,32.702,,,,,,,,,,,,,,,,,
,,,,return,0,,62.767,0,4,4,4,1,edolsat,unsolve,3902,2021-10-11_18h57.56.171,HCtest,2021.2.3,MacIntel,62.5,62.751,,,,,,,,,,,,,,,,,
,,,,return,0,,21.148,0,5,5,5,1,esmeknen,menneske,3902,2021-10-11_18h57.56.171,HCtest,2021.2.3,MacIntel,62.5,21.128,,,,,,,,,,,,,,,,,
,,,,return,0,familie,11.532,0,6,6,6,1,imafeil,familie,3902,2021-10-11_18h57.56.171,HCtest,2021.2.3,MacIntel,62.5,11.522,,,,,,,,,,,,,,,,,
,,,,return,0,,43.468,0,7,7,7,1,ptilaosh,hospital,3902,2021-10-11_18h57.56.171,HCtest,2021.2.3,MacIntel,62.5,43.459,,,,,,,,,,,,,,,,,
,,,,return,0,,10.683,0,8,8,8,1,anisplep,appelsin,3902,2021-10-11_18h57.56.171,HCtest,2021.2.3,MacIntel,62.5,10.667,,,,,,,,,,,,,,,,,
,,,,return,0,,16.482,0,9,9,9,1,fdteakor,unsolve,3902,2021-10-11_18h57.56.171,HCtest,2021.2.3,MacIntel,62.5,16.464,,,,,,,,,,,,,,,,,
,,,,return,0,kaptajn,11.382,0,10,10,10,1,ptajakn,kaptajn,3902,2021-10-11_18h57.56.171,HCtest,2021.2.3,MacIntel,62.5,11.364,,,,,,,,,,,,,,,,,
,,,,return,0,,43.318,0,11,11,11,1,iovkonmr,mikroovn,3902,2021-10-11_18h57.56.171,HCtest,2021.2.3,MacIntel,62.5,43.297,,,,,,,,,,,,,,,,,
,,,,return,0,,47.817,0,12,12,12,1,agotfiorf,fotografi,3902,2021-10-11_18h57.56.171,HCtest,2021.2.3,MacIntel,62.5,47.799,,,,,,,,,,,,,,,,,
,,,,return,0,,3.633,0,13,13,13,1,apniggncmvo,campingvogn,3902,2021-10-11_18h57.56.171,HCtest,2021.2.3,MacIntel,62.5,3.614,,,,,,,,,,,,,,,,,
,,,,return,0,rektangel,21.599,0,14,14,14,1,rktneleal,tallerken,3902,2021-10-11_18h57.56.171,HCtest,2021.2.3,MacIntel,62.5,21.581,,,,,,,,,,,,,,,,,
,,,,return,0,avokado,19.999,0,15,15,15,1,vkadato,advokat,3902,2021-10-11_18h57.56.171,HCtest,2021.2.3,MacIntel,62.5,19.981,,,,,,,,,,,,,,,,,
,,,,,,,31.191,,,,,,,,3902,2021-10-11_18h57.56.171,HCtest,2021.2.3,MacIntel,62.5,,return,2.373,return,10.924,e,0,31.172,,0,0,0,2,1,Slide5.png,d,,
,,,,,,,22.548,,,,,,,,3902,2021-10-11_18h57.56.171,HCtest,2021.2.3,MacIntel,62.5,,,,,,a,0,22.516,,0,1,1,1,1,Slide4.png,g,,
,,,,,,,47.584,,,,,,,,3902,2021-10-11_18h57.56.171,HCtest,2021.2.3,MacIntel,62.5,,,,,,b,0,47.55,,0,2,2,6,1,Slide9.png,f,,
,,,,,,,27.434,,,,,,,,3902,2021-10-11_18h57.56.171,HCtest,2021.2.3,MacIntel,62.5,,,,,,c,0,27.409,,0,3,3,7,1,Slide10.png,b,,
,,,,,,,18.516,,,,,,,,3902,2021-10-11_18h57.56.171,HCtest,2021.2.3,MacIntel,62.5,,,,,,d,0,18.482,,0,4,4,4,1,Slide7.png,e,,
,,,,,,,22.8,,,,,,,,3902,2021-10-11_18h57.56.171,HCtest,2021.2.3,MacIntel,62.5,,,,,,g,0,22.775,,0,5,5,5,1,Slide8.png,h,,
,,,,,,,16.732,,,,,,,,3902,2021-10-11_18h57.56.171,HCtest,2021.2.3,MacIntel,62.5,,,,,,e,0,16.711,,0,6,6,3,1,Slide6.png,h,,
,,,,,,,17.066,,,,,,,,3902,2021-10-11_18h57.56.171,HCtest,2021.2.3,MacIntel,62.5,,,,,,h,0,17.044,,0,7,7,0,1,Slide3.png,d,,
,,,,,,,,,,,,,,,3902,2021-10-11_18h57.56.171,HCtest,2021.2.3,MacIntel,62.5,,,,,,,,,,,,,,,,,return,3.894
