﻿key_resp.keys,key_resp.rt,key_resp_4.keys,key_resp_4.rt,key_resp_2.keys,key_resp_2.corr,anagram_answer,RT,trials.thisRepN,trials.thisTrialN,trials.thisN,trials.thisIndex,trials.ran,anagrams,correct,id,date,expName,psychopyVersion,OS,frameRate,key_resp_2.rt,anaEndEnter.keys,anaEndEnter.rt,key_resp_3.keys,key_resp_3.rt,IQresponse.keys,IQresponse.corr,IQresponse.rt,IQpass.keys,trials_2.thisRepN,trials_2.thisTrialN,trials_2.thisN,trials_2.thisIndex,trials_2.ran,options,CorrectIQ,IQpass.rt,key_resp_5.keys,key_resp_5.rt
return,17.0318,return,43.375,,0,,0.0003,0,0,0,0,1,remove,REMOVE,8672,2021-11-08_10h44.37.753,HCtest,2021.2.3,MacIntel,59.97361161,,,,,,,,,,,,,,,,,,,
,,,,return,0,hudvirus,84.9569,0,1,1,1,1,shdvrui,drivhus,8672,2021-11-08_10h44.37.753,HCtest,2021.2.3,MacIntel,59.97361161,84.9297,,,,,,,,,,,,,,,,,,
,,,,return,0,kastjane,38.1881,0,2,2,2,1,jasekatn,kastanje,8672,2021-11-08_10h44.37.753,HCtest,2021.2.3,MacIntel,59.97361161,38.1665,,,,,,,,,,,,,,,,,,
,,,,return,0,,89.2303,0,3,3,3,1,hmoodwse,modeshow,8672,2021-11-08_10h44.37.753,HCtest,2021.2.3,MacIntel,59.97361161,89.2078,,,,,,,,,,,,,,,,,,
,,,,return,0,soldate,98.2667,0,4,4,4,1,edolsat,unsolve,8672,2021-11-08_10h44.37.753,HCtest,2021.2.3,MacIntel,59.97361161,98.2527,,,,,,,,,,,,,,,,,,
,,,,return,0,menneske,73.2885,0,5,5,5,1,esmeknen,menneske,8672,2021-11-08_10h44.37.753,HCtest,2021.2.3,MacIntel,59.97361161,73.273,,,,,,,,,,,,,,,,,,
,,,,return,0,familie,45.4597,0,6,6,6,1,imafeil,familie,8672,2021-11-08_10h44.37.753,HCtest,2021.2.3,MacIntel,59.97361161,45.4402,,,,,,,,,,,,,,,,,,
,,,,return,0,,125.0127,0,7,7,7,1,ptilaosh,hospital,8672,2021-11-08_10h44.37.753,HCtest,2021.2.3,MacIntel,59.97361161,124.9928,,,,,,,,,,,,,,,,,,
,,,,return,0,,99.5859,0,8,8,8,1,anisplep,appelsin,8672,2021-11-08_10h44.37.753,HCtest,2021.2.3,MacIntel,59.97361161,99.5711,,,,,,,,,,,,,,,,,,
,,,,return,0,,57.0486,0,9,9,9,1,fdteakor,unsolve,8672,2021-11-08_10h44.37.753,HCtest,2021.2.3,MacIntel,59.97361161,57.031,,,,,,,,,,,,,,,,,,
,,,,return,0,,113.7088,0,10,10,10,1,ptajakn,kaptajn,8672,2021-11-08_10h44.37.753,HCtest,2021.2.3,MacIntel,59.97361161,113.6882,,,,,,,,,,,,,,,,,,
,,,,return,0,,23.114,0,11,11,11,1,iovkonmr,mikroovn,8672,2021-11-08_10h44.37.753,HCtest,2021.2.3,MacIntel,59.97361161,23.0966,,,,,,,,,,,,,,,,,,
,,,,return,0,,2.5085,0,12,12,12,1,agotfiorf,fotografi,8672,2021-11-08_10h44.37.753,HCtest,2021.2.3,MacIntel,59.97361161,2.4916,,,,,,,,,,,,,,,,,,
,,,,return,0,,1.2481,0,13,13,13,1,apniggncmvo,campingvogn,8672,2021-11-08_10h44.37.753,HCtest,2021.2.3,MacIntel,59.97361161,1.233,,,,,,,,,,,,,,,,,,
,,,,return,0,,0.8508,0,14,14,14,1,rktneleal,tallerken,8672,2021-11-08_10h44.37.753,HCtest,2021.2.3,MacIntel,59.97361161,0.8308,,,,,,,,,,,,,,,,,,
,,,,return,0,,2.4826,0,15,15,15,1,vkadato,advokat,8672,2021-11-08_10h44.37.753,HCtest,2021.2.3,MacIntel,59.97361161,2.465,,,,,,,,,,,,,,,,,,
,,,,,,,65.8632,,,,,,,,8672,2021-11-08_10h44.37.753,HCtest,2021.2.3,MacIntel,59.97361161,,return,4.4579,return,24.4027,b,0,65.8223,,0,0,0,3,1,Slide6.png,h,,,
,,,,,,,55.2667,,,,,,,,8672,2021-11-08_10h44.37.753,HCtest,2021.2.3,MacIntel,59.97361161,,,,,,d,1,55.2165,,0,1,1,0,1,Slide3.png,d,,,
,,,,,,,149.0742,,,,,,,,8672,2021-11-08_10h44.37.753,HCtest,2021.2.3,MacIntel,59.97361161,,,,,,,0,,return,0,2,2,6,1,Slide9.png,f,149.0278,,
,,,,,,,47.4101,,,,,,,,8672,2021-11-08_10h44.37.753,HCtest,2021.2.3,MacIntel,59.97361161,,,,,,d,1,47.367,,0,3,3,2,1,Slide5.png,d,,,
,,,,,,,128.5657,,,,,,,,8672,2021-11-08_10h44.37.753,HCtest,2021.2.3,MacIntel,59.97361161,,,,,,h,1,128.5216,,0,4,4,5,1,Slide8.png,h,,,
,,,,,,,40.6087,,,,,,,,8672,2021-11-08_10h44.37.753,HCtest,2021.2.3,MacIntel,59.97361161,,,,,,c,0,40.5324,,0,5,5,1,1,Slide4.png,g,,,
,,,,,,,49.3784,,,,,,,,8672,2021-11-08_10h44.37.753,HCtest,2021.2.3,MacIntel,59.97361161,,,,,,f,0,49.3328,,0,6,6,4,1,Slide7.png,e,,,
,,,,,,,57.1151,,,,,,,,8672,2021-11-08_10h44.37.753,HCtest,2021.2.3,MacIntel,59.97361161,,,,,,h,0,57.0692,,0,7,7,7,1,Slide10.png,b,,,
,,,,,,,,,,,,,,,8672,2021-11-08_10h44.37.753,HCtest,2021.2.3,MacIntel,59.97361161,,,,,,,,,,,,,,,,,,return,7.3633
