﻿key_resp.keys,key_resp.rt,key_resp_4.keys,key_resp_4.rt,key_resp_2.keys,key_resp_2.corr,anagram_answer,RT,trials.thisRepN,trials.thisTrialN,trials.thisN,trials.thisIndex,trials.ran,anagrams,correct,id,date,expName,psychopyVersion,OS,frameRate,key_resp_2.rt,anaEndEnter.keys,anaEndEnter.rt,key_resp_3.keys,key_resp_3.rt,IQresponse.keys,IQresponse.corr,IQpass.keys,IQpass.rt,trials_2.thisRepN,trials_2.thisTrialN,trials_2.thisN,trials_2.thisIndex,trials_2.ran,options,CorrectIQ,IQresponse.rt,key_resp_5.keys,key_resp_5.rt
return,18.604,return,16.758,,0,,0.001,0,0,0,0,1,remove,REMOVE,13256,2021-10-20_13h45.19,HCtest,2021.2.3,MacIntel,58.82352941,,,,,,,,,,,,,,,,,,,
,,,,return,0,,27.091,0,1,1,1,1,shdvrui,drivhus,13256,2021-10-20_13h45.19,HCtest,2021.2.3,MacIntel,58.82352941,27.068,,,,,,,,,,,,,,,,,,
,,,,return,0,,29.615,0,2,2,2,1,jasekatn,kastanje,13256,2021-10-20_13h45.19,HCtest,2021.2.3,MacIntel,58.82352941,29.596,,,,,,,,,,,,,,,,,,
,,,,return,0,,17.216,0,3,3,3,1,hmoodwse,modeshow,13256,2021-10-20_13h45.19,HCtest,2021.2.3,MacIntel,58.82352941,17.197,,,,,,,,,,,,,,,,,,
,,,,return,0,,17.099,0,4,4,4,1,edolsat,unsolve,13256,2021-10-20_13h45.19,HCtest,2021.2.3,MacIntel,58.82352941,17.086,,,,,,,,,,,,,,,,,,
,,,,return,0,,31.866,0,5,5,5,1,esmeknen,menneske,13256,2021-10-20_13h45.19,HCtest,2021.2.3,MacIntel,58.82352941,31.849,,,,,,,,,,,,,,,,,,
,,,,return,0,,20.899,0,6,6,6,1,imafeil,familie,13256,2021-10-20_13h45.19,HCtest,2021.2.3,MacIntel,58.82352941,20.889,,,,,,,,,,,,,,,,,,
,,,,return,0,hospital,32.283,0,7,7,7,1,ptilaosh,hospital,13256,2021-10-20_13h45.19,HCtest,2021.2.3,MacIntel,58.82352941,32.272,,,,,,,,,,,,,,,,,,
,,,,return,0,,32.332,0,8,8,8,1,anisplep,appelsin,13256,2021-10-20_13h45.19,HCtest,2021.2.3,MacIntel,58.82352941,32.314,,,,,,,,,,,,,,,,,,
,,,,return,0,,17.049,0,9,9,9,1,fdteakor,unsolve,13256,2021-10-20_13h45.19,HCtest,2021.2.3,MacIntel,58.82352941,17.041,,,,,,,,,,,,,,,,,,
,,,,return,0,kaptajn,6.449,0,10,10,10,1,ptajakn,kaptajn,13256,2021-10-20_13h45.19,HCtest,2021.2.3,MacIntel,58.82352941,6.439,,,,,,,,,,,,,,,,,,
,,,,return,0,,23.266,0,11,11,11,1,iovkonmr,mikroovn,13256,2021-10-20_13h45.19,HCtest,2021.2.3,MacIntel,58.82352941,23.257,,,,,,,,,,,,,,,,,,
,,,,return,0,,31.2,0,12,12,12,1,agotfiorf,fotografi,13256,2021-10-20_13h45.19,HCtest,2021.2.3,MacIntel,58.82352941,31.185,,,,,,,,,,,,,,,,,,
,,,,return,0,campingvogn,8.065,0,13,13,13,1,apniggncmvo,campingvogn,13256,2021-10-20_13h45.19,HCtest,2021.2.3,MacIntel,58.82352941,8.054,,,,,,,,,,,,,,,,,,
,,,,return,0,,24.016,0,14,14,14,1,rktneleal,tallerken,13256,2021-10-20_13h45.19,HCtest,2021.2.3,MacIntel,58.82352941,24.004,,,,,,,,,,,,,,,,,,
,,,,return,0,,18.981,0,15,15,15,1,vkadato,advokat,13256,2021-10-20_13h45.19,HCtest,2021.2.3,MacIntel,58.82352941,18.973,,,,,,,,,,,,,,,,,,
,,,,,,,33.09,,,,,,,,13256,2021-10-20_13h45.19,HCtest,2021.2.3,MacIntel,58.82352941,,return,2.993,return,13.573,,0,return,33.068,0,0,0,6,1,Slide9.png,f,,,
,,,,,,,25.182,,,,,,,,13256,2021-10-20_13h45.19,HCtest,2021.2.3,MacIntel,58.82352941,,,,,,c,0,,,0,1,1,0,1,Slide3.png,d,25.152,,
,,,,,,,13.581,,,,,,,,13256,2021-10-20_13h45.19,HCtest,2021.2.3,MacIntel,58.82352941,,,,,,,0,return,13.551,0,2,2,5,1,Slide8.png,h,,,
,,,,,,,26.618,,,,,,,,13256,2021-10-20_13h45.19,HCtest,2021.2.3,MacIntel,58.82352941,,,,,,h,0,,,0,3,3,2,1,Slide5.png,d,26.594,,
,,,,,,,9.099,,,,,,,,13256,2021-10-20_13h45.19,HCtest,2021.2.3,MacIntel,58.82352941,,,,,,,0,return,9.076,0,4,4,1,1,Slide4.png,g,,,
,,,,,,,15.083,,,,,,,,13256,2021-10-20_13h45.19,HCtest,2021.2.3,MacIntel,58.82352941,,,,,,,0,return,15.048,0,5,5,7,1,Slide10.png,b,,,
,,,,,,,19.749,,,,,,,,13256,2021-10-20_13h45.19,HCtest,2021.2.3,MacIntel,58.82352941,,,,,,a,0,,,0,6,6,4,1,Slide7.png,e,19.715,,
,,,,,,,7.55,,,,,,,,13256,2021-10-20_13h45.19,HCtest,2021.2.3,MacIntel,58.82352941,,,,,,,0,return,7.527,0,7,7,3,1,Slide6.png,h,,,
,,,,,,,,,,,,,,,13256,2021-10-20_13h45.19,HCtest,2021.2.3,MacIntel,58.82352941,,,,,,,,,,,,,,,,,,return,4.542
