﻿key_resp.keys,key_resp.rt,key_resp_4.keys,key_resp_4.rt,key_resp_2.keys,key_resp_2.corr,anagram_answer,RT,trials.thisRepN,trials.thisTrialN,trials.thisN,trials.thisIndex,trials.ran,anagrams,correct,id,date,expName,psychopyVersion,OS,frameRate,key_resp_2.rt,anaEndEnter.keys,anaEndEnter.rt,key_resp_3.keys,key_resp_3.rt,IQresponse.keys,IQresponse.corr,IQresponse.rt,IQpass.keys,trials_2.thisRepN,trials_2.thisTrialN,trials_2.thisN,trials_2.thisIndex,trials_2.ran,options,CorrectIQ,key_resp_5.keys,key_resp_5.rt
return,33.011,return,24.631,,0,,0.001,0,0,0,0,1,remove,REMOVE,14295,2021-11-07_20h31.01.472,HCtest,2021.2.3,MacIntel,58.82352941,,,,,,,,,,,,,,,,,,
,,,,return,0,,113.646,0,1,1,1,1,shdvrui,drivhus,14295,2021-11-07_20h31.01.472,HCtest,2021.2.3,MacIntel,58.82352941,113.606,,,,,,,,,,,,,,,,,
,,,,return,0,kastanje,21.946,0,2,2,2,1,jasekatn,kastanje,14295,2021-11-07_20h31.01.472,HCtest,2021.2.3,MacIntel,58.82352941,21.931,,,,,,,,,,,,,,,,,
,,,,return,0,,57.299,0,3,3,3,1,hmoodwse,modeshow,14295,2021-11-07_20h31.01.472,HCtest,2021.2.3,MacIntel,58.82352941,57.275,,,,,,,,,,,,,,,,,
,,,,return,0,,104.716,0,4,4,4,1,edolsat,unsolve,14295,2021-11-07_20h31.01.472,HCtest,2021.2.3,MacIntel,58.82352941,104.702,,,,,,,,,,,,,,,,,
,,,,return,0,menneske,64.148,0,5,5,5,1,esmeknen,menneske,14295,2021-11-07_20h31.01.472,HCtest,2021.2.3,MacIntel,58.82352941,64.134,,,,,,,,,,,,,,,,,
,,,,return,0,familie,16.717,0,6,6,6,1,imafeil,familie,14295,2021-11-07_20h31.01.472,HCtest,2021.2.3,MacIntel,58.82352941,16.694,,,,,,,,,,,,,,,,,
,,,,return,0,hospital,63.448,0,7,7,7,1,ptilaosh,hospital,14295,2021-11-07_20h31.01.472,HCtest,2021.2.3,MacIntel,58.82352941,63.425,,,,,,,,,,,,,,,,,
,,,,return,0,appelsin,26.248,0,8,8,8,1,anisplep,appelsin,14295,2021-11-07_20h31.01.472,HCtest,2021.2.3,MacIntel,58.82352941,26.218,,,,,,,,,,,,,,,,,
,,,,return,0,,113.916,0,9,9,9,1,fdteakor,unsolve,14295,2021-11-07_20h31.01.472,HCtest,2021.2.3,MacIntel,58.82352941,113.895,,,,,,,,,,,,,,,,,
,,,,return,0,kaptajn,44.731,0,10,10,10,1,ptajakn,kaptajn,14295,2021-11-07_20h31.01.472,HCtest,2021.2.3,MacIntel,58.82352941,44.715,,,,,,,,,,,,,,,,,
,,,,return,0,mikroovn,100.046,0,11,11,11,1,iovkonmr,mikroovn,14295,2021-11-07_20h31.01.472,HCtest,2021.2.3,MacIntel,58.82352941,100.015,,,,,,,,,,,,,,,,,
,,,,return,0,,184.913,0,12,12,12,1,agotfiorf,fotografi,14295,2021-11-07_20h31.01.472,HCtest,2021.2.3,MacIntel,58.82352941,184.89,,,,,,,,,,,,,,,,,
,,,,return,0,,161.365,0,13,13,13,1,apniggncmvo,campingvogn,14295,2021-11-07_20h31.01.472,HCtest,2021.2.3,MacIntel,58.82352941,161.349,,,,,,,,,,,,,,,,,
,,,,return,0,tallerken,71.731,0,14,14,14,1,rktneleal,tallerken,14295,2021-11-07_20h31.01.472,HCtest,2021.2.3,MacIntel,58.82352941,71.711,,,,,,,,,,,,,,,,,
,,,,return,0,advokat,12.983,0,15,15,15,1,vkadato,advokat,14295,2021-11-07_20h31.01.472,HCtest,2021.2.3,MacIntel,58.82352941,12.963,,,,,,,,,,,,,,,,,
,,,,,,,41.605,,,,,,,,14295,2021-11-07_20h31.01.472,HCtest,2021.2.3,MacIntel,58.82352941,,return,5.587,return,19.023,d,1,41.571,,0,0,0,2,1,Slide5.png,d,,
,,,,,,,78.297,,,,,,,,14295,2021-11-07_20h31.01.472,HCtest,2021.2.3,MacIntel,58.82352941,,,,,,f,0,78.265,,0,1,1,1,1,Slide4.png,g,,
,,,,,,,78.566,,,,,,,,14295,2021-11-07_20h31.01.472,HCtest,2021.2.3,MacIntel,58.82352941,,,,,,f,1,78.528,,0,2,2,6,1,Slide9.png,f,,
,,,,,,,48.368,,,,,,,,14295,2021-11-07_20h31.01.472,HCtest,2021.2.3,MacIntel,58.82352941,,,,,,e,0,48.335,,0,3,3,7,1,Slide10.png,b,,
,,,,,,,107.679,,,,,,,,14295,2021-11-07_20h31.01.472,HCtest,2021.2.3,MacIntel,58.82352941,,,,,,f,0,107.645,,0,4,4,5,1,Slide8.png,h,,
,,,,,,,48.401,,,,,,,,14295,2021-11-07_20h31.01.472,HCtest,2021.2.3,MacIntel,58.82352941,,,,,,a,0,48.373,,0,5,5,4,1,Slide7.png,e,,
,,,,,,,102.282,,,,,,,,14295,2021-11-07_20h31.01.472,HCtest,2021.2.3,MacIntel,58.82352941,,,,,,d,1,102.253,,0,6,6,0,1,Slide3.png,d,,
,,,,,,,45.912,,,,,,,,14295,2021-11-07_20h31.01.472,HCtest,2021.2.3,MacIntel,58.82352941,,,,,,h,1,45.875,,0,7,7,3,1,Slide6.png,h,,
,,,,,,,,,,,,,,,14295,2021-11-07_20h31.01.472,HCtest,2021.2.3,MacIntel,58.82352941,,,,,,,,,,,,,,,,,return,9.211
