﻿key_resp.keys,key_resp.rt,key_resp_4.keys,key_resp_4.rt,key_resp_2.keys,key_resp_2.corr,anagram_answer,RT,trials.thisRepN,trials.thisTrialN,trials.thisN,trials.thisIndex,trials.ran,anagrams,correct,id,date,expName,psychopyVersion,OS,frameRate,key_resp_2.rt,anaEndEnter.keys,anaEndEnter.rt,key_resp_3.keys,key_resp_3.rt,IQresponse.keys,IQresponse.corr,IQresponse.rt,IQpass.keys,trials_2.thisRepN,trials_2.thisTrialN,trials_2.thisN,trials_2.thisIndex,trials_2.ran,options,CorrectIQ,key_resp_5.keys,key_resp_5.rt
return,13.8879,return,18.8392,,0,,0.0002,0,0,0,0,1,remove,REMOVE,11143,2021-10-28_08h25.06.361,HCtest,2021.2.3,MacIntel,59.99880002,,,,,,,,,,,,,,,,,,
,,,,return,0,drivhus,5999.7651,0,1,1,1,1,shdvrui,drivhus,11143,2021-10-28_08h25.06.361,HCtest,2021.2.3,MacIntel,59.99880002,5999.7283,,,,,,,,,,,,,,,,,
,,,,return,0,kastanje,63.1177,0,2,2,2,1,jasekatn,kastanje,11143,2021-10-28_08h25.06.361,HCtest,2021.2.3,MacIntel,59.99880002,63.1011,,,,,,,,,,,,,,,,,
,,,,return,0,modeshow,91.6857,0,3,3,3,1,hmoodwse,modeshow,11143,2021-10-28_08h25.06.361,HCtest,2021.2.3,MacIntel,59.99880002,91.6771,,,,,,,,,,,,,,,,,
,,,,return,0,soldate,126.6399,0,4,4,4,1,edolsat,unsolve,11143,2021-10-28_08h25.06.361,HCtest,2021.2.3,MacIntel,59.99880002,126.6312,,,,,,,,,,,,,,,,,
,,,,return,0,menneske,29.5514,0,5,5,5,1,esmeknen,menneske,11143,2021-10-28_08h25.06.361,HCtest,2021.2.3,MacIntel,59.99880002,29.5377,,,,,,,,,,,,,,,,,
,,,,return,0,familie,52.0183,0,6,6,6,1,imafeil,familie,11143,2021-10-28_08h25.06.361,HCtest,2021.2.3,MacIntel,59.99880002,52.0057,,,,,,,,,,,,,,,,,
,,,,return,0,hospital,35.7185,0,7,7,7,1,ptilaosh,hospital,11143,2021-10-28_08h25.06.361,HCtest,2021.2.3,MacIntel,59.99880002,35.7091,,,,,,,,,,,,,,,,,
,,,,return,0,appelsin,37.1514,0,8,8,8,1,anisplep,appelsin,11143,2021-10-28_08h25.06.361,HCtest,2021.2.3,MacIntel,59.99880002,37.1408,,,,,,,,,,,,,,,,,
,,,,return,0,,2545.6011,0,9,9,9,1,fdteakor,unsolve,11143,2021-10-28_08h25.06.361,HCtest,2021.2.3,MacIntel,59.99880002,2545.5901,,,,,,,,,,,,,,,,,
,,,,return,0,kaptajn,6.734,0,10,10,10,1,ptajakn,kaptajn,11143,2021-10-28_08h25.06.361,HCtest,2021.2.3,MacIntel,59.99880002,6.7276,,,,,,,,,,,,,,,,,
,,,,return,0,mokroovn,33.3008,0,11,11,11,1,iovkonmr,mikroovn,11143,2021-10-28_08h25.06.361,HCtest,2021.2.3,MacIntel,59.99880002,33.2953,,,,,,,,,,,,,,,,,
,,,,return,0,fotografi,21.2162,0,12,12,12,1,agotfiorf,fotografi,11143,2021-10-28_08h25.06.361,HCtest,2021.2.3,MacIntel,59.99880002,21.2035,,,,,,,,,,,,,,,,,
,,,,return,0,campingvogn,7.869,0,13,13,13,1,apniggncmvo,campingvogn,11143,2021-10-28_08h25.06.361,HCtest,2021.2.3,MacIntel,59.99880002,7.8528,,,,,,,,,,,,,,,,,
,,,,return,0,tallerken,447.2289,0,14,14,14,1,rktneleal,tallerken,11143,2021-10-28_08h25.06.361,HCtest,2021.2.3,MacIntel,59.99880002,447.2118,,,,,,,,,,,,,,,,,
,,,,return,0,advokat,518.5642,0,15,15,15,1,vkadato,advokat,11143,2021-10-28_08h25.06.361,HCtest,2021.2.3,MacIntel,59.99880002,518.5431,,,,,,,,,,,,,,,,,
,,,,,,,253.5736,,,,,,,,11143,2021-10-28_08h25.06.361,HCtest,2021.2.3,MacIntel,59.99880002,,return,3.0319,return,8.8487,b,0,253.5405,,0,0,0,6,1,Slide9.png,f,,
,,,,,,,10906.5889,,,,,,,,11143,2021-10-28_08h25.06.361,HCtest,2021.2.3,MacIntel,59.99880002,,,,,,g,0,10906.5539,,0,1,1,7,1,Slide10.png,b,,
,,,,,,,47.0975,,,,,,,,11143,2021-10-28_08h25.06.361,HCtest,2021.2.3,MacIntel,59.99880002,,,,,,f,0,47.0674,,0,2,2,3,1,Slide6.png,h,,
,,,,,,,42.2228,,,,,,,,11143,2021-10-28_08h25.06.361,HCtest,2021.2.3,MacIntel,59.99880002,,,,,,d,1,42.1924,,0,3,3,2,1,Slide5.png,d,,
,,,,,,,1938.8586,,,,,,,,11143,2021-10-28_08h25.06.361,HCtest,2021.2.3,MacIntel,59.99880002,,,,,,e,1,1938.8252,,0,4,4,4,1,Slide7.png,e,,
,,,,,,,40.085,,,,,,,,11143,2021-10-28_08h25.06.361,HCtest,2021.2.3,MacIntel,59.99880002,,,,,,f,0,40.051,,0,5,5,1,1,Slide4.png,g,,
,,,,,,,31.4362,,,,,,,,11143,2021-10-28_08h25.06.361,HCtest,2021.2.3,MacIntel,59.99880002,,,,,,d,1,31.4078,,0,6,6,0,1,Slide3.png,d,,
,,,,,,,57.5837,,,,,,,,11143,2021-10-28_08h25.06.361,HCtest,2021.2.3,MacIntel,59.99880002,,,,,,e,0,57.5426,,0,7,7,5,1,Slide8.png,h,,
,,,,,,,,,,,,,,,11143,2021-10-28_08h25.06.361,HCtest,2021.2.3,MacIntel,59.99880002,,,,,,,,,,,,,,,,,return,3.7613
