﻿key_resp.keys,key_resp.rt,key_resp_4.keys,key_resp_4.rt,key_resp_2.keys,key_resp_2.corr,anagram_answer,RT,trials.thisRepN,trials.thisTrialN,trials.thisN,trials.thisIndex,trials.ran,anagrams,correct,id,date,expName,psychopyVersion,OS,frameRate,key_resp_2.rt
return,12.8861,return,12.4734,,0,,0.0002,0,0,0,0,1,remove,REMOVE,13242,2021-11-05_17h17.21.823,HCtest,2021.2.3,MacIntel,60.0024001,
,,,,return,0,drivhus,17.2489,0,1,1,1,1,shdvrui,drivhus,13242,2021-11-05_17h17.21.823,HCtest,2021.2.3,MacIntel,60.0024001,17.2102
,,,,return,0,,57.289,0,2,2,2,1,jasekatn,kastanje,13242,2021-11-05_17h17.21.823,HCtest,2021.2.3,MacIntel,60.0024001,57.2724
,,,,return,0,,81.2724,0,3,3,3,1,hmoodwse,modeshow,13242,2021-11-05_17h17.21.823,HCtest,2021.2.3,MacIntel,60.0024001,81.252
