﻿key_resp.keys,key_resp.rt,key_resp_4.keys,key_resp_4.rt,key_resp_2.keys,key_resp_2.corr,anagram_answer,RT,trials.thisRepN,trials.thisTrialN,trials.thisN,trials.thisIndex,trials.ran,anagrams,correct,id,date,expName,psychopyVersion,OS,frameRate,key_resp_2.rt,anaEndEnter.keys,anaEndEnter.rt,key_resp_3.keys,key_resp_3.rt,IQresponse.keys,IQresponse.corr,IQresponse.rt,IQpass.keys,trials_2.thisRepN,trials_2.thisTrialN,trials_2.thisN,trials_2.thisIndex,trials_2.ran,options,CorrectIQ,key_resp_5.keys,key_resp_5.rt
return,3.963,return,10.8808,,0,,0.0005,0,0,0,0,1,remove,REMOVE,18128,2021-11-01_13h29.55.558,HCtest,2021.2.3,MacIntel,60.14675809,,,,,,,,,,,,,,,,,,
,,,,return,0,drivhus,20.0427,0,1,1,1,1,shdvrui,drivhus,18128,2021-11-01_13h29.55.558,HCtest,2021.2.3,MacIntel,60.14675809,20.02,,,,,,,,,,,,,,,,,
,,,,return,0,tankejas,45.9971,0,2,2,2,1,jasekatn,kastanje,18128,2021-11-01_13h29.55.558,HCtest,2021.2.3,MacIntel,60.14675809,45.9818,,,,,,,,,,,,,,,,,
,,,,return,0,modeshow,66.1291,0,3,3,3,1,hmoodwse,modeshow,18128,2021-11-01_13h29.55.558,HCtest,2021.2.3,MacIntel,60.14675809,66.1161,,,,,,,,,,,,,,,,,
,,,,return,0,soldate,130.8969,0,4,4,4,1,edolsat,unsolve,18128,2021-11-01_13h29.55.558,HCtest,2021.2.3,MacIntel,60.14675809,130.8751,,,,,,,,,,,,,,,,,
,,,,return,0,menneske,20.9713,0,5,5,5,1,esmeknen,menneske,18128,2021-11-01_13h29.55.558,HCtest,2021.2.3,MacIntel,60.14675809,20.9503,,,,,,,,,,,,,,,,,
,,,,return,0,familie,46.8441,0,6,6,6,1,imafeil,familie,18128,2021-11-01_13h29.55.558,HCtest,2021.2.3,MacIntel,60.14675809,46.8218,,,,,,,,,,,,,,,,,
,,,,return,0,phatilos,162.2363,0,7,7,7,1,ptilaosh,hospital,18128,2021-11-01_13h29.55.558,HCtest,2021.2.3,MacIntel,60.14675809,162.224,,,,,,,,,,,,,,,,,
,,,,return,0,appelsin,14.3358,0,8,8,8,1,anisplep,appelsin,18128,2021-11-01_13h29.55.558,HCtest,2021.2.3,MacIntel,60.14675809,14.3197,,,,,,,,,,,,,,,,,
,,,,return,0,defaktor,89.0954,0,9,9,9,1,fdteakor,unsolve,18128,2021-11-01_13h29.55.558,HCtest,2021.2.3,MacIntel,60.14675809,89.0745,,,,,,,,,,,,,,,,,
,,,,return,0,pajtank,79.3315,0,10,10,10,1,ptajakn,kaptajn,18128,2021-11-01_13h29.55.558,HCtest,2021.2.3,MacIntel,60.14675809,79.3132,,,,,,,,,,,,,,,,,
,,,,return,0,krimovron,149.8807,0,11,11,11,1,iovkonmr,mikroovn,18128,2021-11-01_13h29.55.558,HCtest,2021.2.3,MacIntel,60.14675809,149.8636,,,,,,,,,,,,,,,,,
,,,,return,0,foragtfoi,97.9729,0,12,12,12,1,agotfiorf,fotografi,18128,2021-11-01_13h29.55.558,HCtest,2021.2.3,MacIntel,60.14675809,97.9564,,,,,,,,,,,,,,,,,
,,,,return,0,campingvogn,147.4537,0,13,13,13,1,apniggncmvo,campingvogn,18128,2021-11-01_13h29.55.558,HCtest,2021.2.3,MacIntel,60.14675809,147.4346,,,,,,,,,,,,,,,,,
,,,,return,0,kartellen,98.6491,0,14,14,14,1,rktneleal,tallerken,18128,2021-11-01_13h29.55.558,HCtest,2021.2.3,MacIntel,60.14675809,98.6318,,,,,,,,,,,,,,,,,
,,,,return,0,advokat,10.5292,0,15,15,15,1,vkadato,advokat,18128,2021-11-01_13h29.55.558,HCtest,2021.2.3,MacIntel,60.14675809,10.5125,,,,,,,,,,,,,,,,,
,,,,,,,71.2727,,,,,,,,18128,2021-11-01_13h29.55.558,HCtest,2021.2.3,MacIntel,60.14675809,,return,2.9865,return,15.9673,h,1,71.185,,0,0,0,5,1,Slide8.png,h,,
,,,,,,,34.1734,,,,,,,,18128,2021-11-01_13h29.55.558,HCtest,2021.2.3,MacIntel,60.14675809,,,,,,a,0,34.1295,,0,1,1,4,1,Slide7.png,e,,
,,,,,,,16.2607,,,,,,,,18128,2021-11-01_13h29.55.558,HCtest,2021.2.3,MacIntel,60.14675809,,,,,,g,0,16.215,,0,2,2,6,1,Slide9.png,f,,
,,,,,,,38.3306,,,,,,,,18128,2021-11-01_13h29.55.558,HCtest,2021.2.3,MacIntel,60.14675809,,,,,,f,0,38.282,,0,3,3,3,1,Slide6.png,h,,
,,,,,,,23.7439,,,,,,,,18128,2021-11-01_13h29.55.558,HCtest,2021.2.3,MacIntel,60.14675809,,,,,,g,1,23.69,,0,4,4,1,1,Slide4.png,g,,
,,,,,,,26.0761,,,,,,,,18128,2021-11-01_13h29.55.558,HCtest,2021.2.3,MacIntel,60.14675809,,,,,,b,1,26.0338,,0,5,5,7,1,Slide10.png,b,,
,,,,,,,28.2716,,,,,,,,18128,2021-11-01_13h29.55.558,HCtest,2021.2.3,MacIntel,60.14675809,,,,,,h,0,28.2298,,0,6,6,2,1,Slide5.png,d,,
,,,,,,,21.2703,,,,,,,,18128,2021-11-01_13h29.55.558,HCtest,2021.2.3,MacIntel,60.14675809,,,,,,d,1,21.2259,,0,7,7,0,1,Slide3.png,d,,
,,,,,,,,,,,,,,,18128,2021-11-01_13h29.55.558,HCtest,2021.2.3,MacIntel,60.14675809,,,,,,,,,,,,,,,,,return,3.3852
