﻿key_resp.keys,key_resp.rt,key_resp_4.keys,key_resp_4.rt,key_resp_2.keys,key_resp_2.corr,anagram_answer,RT,trials.thisRepN,trials.thisTrialN,trials.thisN,trials.thisIndex,trials.ran,anagrams,correct,id,date,expName,psychopyVersion,OS,frameRate,key_resp_2.rt,anaEndEnter.keys,anaEndEnter.rt,key_resp_3.keys,key_resp_3.rt,IQresponse.keys,IQresponse.corr,IQresponse.rt,IQpass.keys,trials_2.thisRepN,trials_2.thisTrialN,trials_2.thisN,trials_2.thisIndex,trials_2.ran,options,CorrectIQ,key_resp_5.keys,key_resp_5.rt
return,23.687,return,24.323,,0,,0,0,0,0,0,1,remove,REMOVE,8531,2021-10-20_15h27.15.004,HCtest,2021.2.3,MacIntel,58.82352941,,,,,,,,,,,,,,,,,,
,,,,return,0,drivhus,21.25,0,1,1,1,1,shdvrui,drivhus,8531,2021-10-20_15h27.15.004,HCtest,2021.2.3,MacIntel,58.82352941,21.216,,,,,,,,,,,,,,,,,
,,,,return,0,kastanje,11.317,0,2,2,2,1,jasekatn,kastanje,8531,2021-10-20_15h27.15.004,HCtest,2021.2.3,MacIntel,58.82352941,11.294,,,,,,,,,,,,,,,,,
,,,,return,0,,70.216,0,3,3,3,1,hmoodwse,modeshow,8531,2021-10-20_15h27.15.004,HCtest,2021.2.3,MacIntel,58.82352941,70.2,,,,,,,,,,,,,,,,,
,,,,return,0,,50.815,0,4,4,4,1,edolsat,unsolve,8531,2021-10-20_15h27.15.004,HCtest,2021.2.3,MacIntel,58.82352941,50.793,,,,,,,,,,,,,,,,,
,,,,return,0,menneske,25.649,0,5,5,5,1,esmeknen,menneske,8531,2021-10-20_15h27.15.004,HCtest,2021.2.3,MacIntel,58.82352941,25.637,,,,,,,,,,,,,,,,,
,,,,return,0,familie,48.632,0,6,6,6,1,imafeil,familie,8531,2021-10-20_15h27.15.004,HCtest,2021.2.3,MacIntel,58.82352941,48.61,,,,,,,,,,,,,,,,,
,,,,return,0,hospital,23.399,0,7,7,7,1,ptilaosh,hospital,8531,2021-10-20_15h27.15.004,HCtest,2021.2.3,MacIntel,58.82352941,23.377,,,,,,,,,,,,,,,,,
,,,,return,0,,64.448,0,8,8,8,1,anisplep,appelsin,8531,2021-10-20_15h27.15.004,HCtest,2021.2.3,MacIntel,58.82352941,64.431,,,,,,,,,,,,,,,,,
,,,,return,0,,69.899,0,9,9,9,1,fdteakor,unsolve,8531,2021-10-20_15h27.15.004,HCtest,2021.2.3,MacIntel,58.82352941,69.876,,,,,,,,,,,,,,,,,
,,,,return,0,kaptajn,14.466,0,10,10,10,1,ptajakn,kaptajn,8531,2021-10-20_15h27.15.004,HCtest,2021.2.3,MacIntel,58.82352941,14.452,,,,,,,,,,,,,,,,,
,,,,return,0,mikroovn,23.032,0,11,11,11,1,iovkonmr,mikroovn,8531,2021-10-20_15h27.15.004,HCtest,2021.2.3,MacIntel,58.82352941,23.011,,,,,,,,,,,,,,,,,
,,,,return,0,fotografi,51.382,0,12,12,12,1,agotfiorf,fotografi,8531,2021-10-20_15h27.15.004,HCtest,2021.2.3,MacIntel,58.82352941,51.36,,,,,,,,,,,,,,,,,
,,,,return,0,,61.681,0,13,13,13,1,apniggncmvo,campingvogn,8531,2021-10-20_15h27.15.004,HCtest,2021.2.3,MacIntel,58.82352941,61.657,,,,,,,,,,,,,,,,,
,,,,return,0,,79.897,0,14,14,14,1,rktneleal,tallerken,8531,2021-10-20_15h27.15.004,HCtest,2021.2.3,MacIntel,58.82352941,79.877,,,,,,,,,,,,,,,,,
,,,,return,0,advokat,11.234,0,15,15,15,1,vkadato,advokat,8531,2021-10-20_15h27.15.004,HCtest,2021.2.3,MacIntel,58.82352941,11.219,,,,,,,,,,,,,,,,,
,,,,,,,53.559,,,,,,,,8531,2021-10-20_15h27.15.004,HCtest,2021.2.3,MacIntel,58.82352941,,return,5.14,return,19.071,g,0,53.524,,0,0,0,7,1,Slide10.png,b,,
,,,,,,,47.697,,,,,,,,8531,2021-10-20_15h27.15.004,HCtest,2021.2.3,MacIntel,58.82352941,,,,,,h,0,47.669,,0,1,1,2,1,Slide5.png,d,,
,,,,,,,29.432,,,,,,,,8531,2021-10-20_15h27.15.004,HCtest,2021.2.3,MacIntel,58.82352941,,,,,,g,1,29.4,,0,2,2,1,1,Slide4.png,g,,
,,,,,,,76.732,,,,,,,,8531,2021-10-20_15h27.15.004,HCtest,2021.2.3,MacIntel,58.82352941,,,,,,h,1,76.697,,0,3,3,5,1,Slide8.png,h,,
,,,,,,,48.467,,,,,,,,8531,2021-10-20_15h27.15.004,HCtest,2021.2.3,MacIntel,58.82352941,,,,,,e,1,48.426,,0,4,4,4,1,Slide7.png,e,,
,,,,,,,16.698,,,,,,,,8531,2021-10-20_15h27.15.004,HCtest,2021.2.3,MacIntel,58.82352941,,,,,,h,1,16.668,,0,5,5,3,1,Slide6.png,h,,
,,,,,,,29.316,,,,,,,,8531,2021-10-20_15h27.15.004,HCtest,2021.2.3,MacIntel,58.82352941,,,,,,d,1,29.284,,0,6,6,0,1,Slide3.png,d,,
,,,,,,,93.282,,,,,,,,8531,2021-10-20_15h27.15.004,HCtest,2021.2.3,MacIntel,58.82352941,,,,,,h,0,93.254,,0,7,7,6,1,Slide9.png,f,,
,,,,,,,,,,,,,,,8531,2021-10-20_15h27.15.004,HCtest,2021.2.3,MacIntel,58.82352941,,,,,,,,,,,,,,,,,return,9.919
