﻿key_resp.keys,key_resp.rt,key_resp_4.keys,key_resp_4.rt,key_resp_2.keys,key_resp_2.corr,anagram_answer,RT,trials.thisRepN,trials.thisTrialN,trials.thisN,trials.thisIndex,trials.ran,anagrams,correct,id,date,expName,psychopyVersion,OS,frameRate,key_resp_2.rt,anaEndEnter.keys,anaEndEnter.rt,key_resp_3.keys,key_resp_3.rt,IQresponse.keys,IQresponse.corr,IQresponse.rt,IQpass.keys,trials_2.thisRepN,trials_2.thisTrialN,trials_2.thisN,trials_2.thisIndex,trials_2.ran,options,CorrectIQ,key_resp_5.keys,key_resp_5.rt
return,32.9786,return,24.6723,,0,,0.0005,0,0,0,0,1,remove,REMOVE,6458,2021-10-28_10h32.28.609,HCtest,2021.2.3,MacIntel,59.99880002,,,,,,,,,,,,,,,,,,
,,,,return,0,drivhus,83.6524,0,1,1,1,1,shdvrui,drivhus,6458,2021-10-28_10h32.28.609,HCtest,2021.2.3,MacIntel,59.99880002,83.6242,,,,,,,,,,,,,,,,,
,,,,return,0,tankejas,167.2477,0,2,2,2,1,jasekatn,kastanje,6458,2021-10-28_10h32.28.609,HCtest,2021.2.3,MacIntel,59.99880002,167.2327,,,,,,,,,,,,,,,,,
,,,,return,0,modeshow,99.0976,0,3,3,3,1,hmoodwse,modeshow,6458,2021-10-28_10h32.28.609,HCtest,2021.2.3,MacIntel,59.99880002,99.0826,,,,,,,,,,,,,,,,,
,,,,return,0,saltode,137.8323,0,4,4,4,1,edolsat,unsolve,6458,2021-10-28_10h32.28.609,HCtest,2021.2.3,MacIntel,59.99880002,137.8194,,,,,,,,,,,,,,,,,
,,,,return,0,menneske,26.0564,0,5,5,5,1,esmeknen,menneske,6458,2021-10-28_10h32.28.609,HCtest,2021.2.3,MacIntel,59.99880002,26.0469,,,,,,,,,,,,,,,,,
,,,,return,0,familie,28.2054,0,6,6,6,1,imafeil,familie,6458,2021-10-28_10h32.28.609,HCtest,2021.2.3,MacIntel,59.99880002,28.1862,,,,,,,,,,,,,,,,,
,,,,return,0,tailshop,126.5939,0,7,7,7,1,ptilaosh,hospital,6458,2021-10-28_10h32.28.609,HCtest,2021.2.3,MacIntel,59.99880002,126.5778,,,,,,,,,,,,,,,,,
,,,,return,0,,228.0654,0,8,8,8,1,anisplep,appelsin,6458,2021-10-28_10h32.28.609,HCtest,2021.2.3,MacIntel,59.99880002,228.0498,,,,,,,,,,,,,,,,,
,,,,return,0,afkorted,143.0278,0,9,9,9,1,fdteakor,unsolve,6458,2021-10-28_10h32.28.609,HCtest,2021.2.3,MacIntel,59.99880002,143.0171,,,,,,,,,,,,,,,,,
,,,,return,0,kaptajn,13.8025,0,10,10,10,1,ptajakn,kaptajn,6458,2021-10-28_10h32.28.609,HCtest,2021.2.3,MacIntel,59.99880002,13.7852,,,,,,,,,,,,,,,,,
,,,,return,0,monovink,225.5834,0,11,11,11,1,iovkonmr,mikroovn,6458,2021-10-28_10h32.28.609,HCtest,2021.2.3,MacIntel,59.99880002,225.5687,,,,,,,,,,,,,,,,,
,,,,return,0,fotografi,201.0767,0,12,12,12,1,agotfiorf,fotografi,6458,2021-10-28_10h32.28.609,HCtest,2021.2.3,MacIntel,59.99880002,201.0628,,,,,,,,,,,,,,,,,
,,,,return,0,campingvogn,23.7353,0,13,13,13,1,apniggncmvo,campingvogn,6458,2021-10-28_10h32.28.609,HCtest,2021.2.3,MacIntel,59.99880002,23.7199,,,,,,,,,,,,,,,,,
,,,,return,0,,214.4995,0,14,14,14,1,rktneleal,tallerken,6458,2021-10-28_10h32.28.609,HCtest,2021.2.3,MacIntel,59.99880002,214.4843,,,,,,,,,,,,,,,,,
,,,,return,0,advokat,12.7847,0,15,15,15,1,vkadato,advokat,6458,2021-10-28_10h32.28.609,HCtest,2021.2.3,MacIntel,59.99880002,12.7688,,,,,,,,,,,,,,,,,
,,,,,,,25.4238,,,,,,,,6458,2021-10-28_10h32.28.609,HCtest,2021.2.3,MacIntel,59.99880002,,return,7.0042,return,20.2878,d,1,25.376,,0,0,0,2,1,Slide5.png,d,,
,,,,,,,38.0158,,,,,,,,6458,2021-10-28_10h32.28.609,HCtest,2021.2.3,MacIntel,59.99880002,,,,,,g,1,37.973,,0,1,1,1,1,Slide4.png,g,,
,,,,,,,111.5237,,,,,,,,6458,2021-10-28_10h32.28.609,HCtest,2021.2.3,MacIntel,59.99880002,,,,,,h,1,111.4718,,0,2,2,5,1,Slide8.png,h,,
,,,,,,,44.3482,,,,,,,,6458,2021-10-28_10h32.28.609,HCtest,2021.2.3,MacIntel,59.99880002,,,,,,h,1,44.306,,0,3,3,3,1,Slide6.png,h,,
,,,,,,,147.8452,,,,,,,,6458,2021-10-28_10h32.28.609,HCtest,2021.2.3,MacIntel,59.99880002,,,,,,b,1,147.7995,,0,4,4,7,1,Slide10.png,b,,
,,,,,,,29.5832,,,,,,,,6458,2021-10-28_10h32.28.609,HCtest,2021.2.3,MacIntel,59.99880002,,,,,,d,1,29.5314,,0,5,5,0,1,Slide3.png,d,,
,,,,,,,46.0704,,,,,,,,6458,2021-10-28_10h32.28.609,HCtest,2021.2.3,MacIntel,59.99880002,,,,,,e,1,46.0271,,0,6,6,4,1,Slide7.png,e,,
,,,,,,,82.521,,,,,,,,6458,2021-10-28_10h32.28.609,HCtest,2021.2.3,MacIntel,59.99880002,,,,,,f,1,82.4734,,0,7,7,6,1,Slide9.png,f,,
,,,,,,,,,,,,,,,6458,2021-10-28_10h32.28.609,HCtest,2021.2.3,MacIntel,59.99880002,,,,,,,,,,,,,,,,,return,7.1071
