﻿key_resp.keys,key_resp.rt,key_resp_4.keys,key_resp_4.rt,key_resp_2.keys,key_resp_2.corr,anagram_answer,RT,trials.thisRepN,trials.thisTrialN,trials.thisN,trials.thisIndex,trials.ran,anagrams,correct,id,date,expName,psychopyVersion,OS,frameRate,key_resp_2.rt
return,3.2929,return,2.5259,,0,,0.0005,0,0,0,0,1,remove,REMOVE,7899,2021-10-07_18h00.43.493,HCtest,2021.2.3,Win32,59.47424765,
,,,,return,0,,50.4891,0,1,1,1,1,shdvrui,drivhus,7899,2021-10-07_18h00.43.493,HCtest,2021.2.3,Win32,59.47424765,50.4636
,,,,return,0,,4.3894,0,2,2,2,1,jasekatn,kastanje,7899,2021-10-07_18h00.43.493,HCtest,2021.2.3,Win32,59.47424765,4.3791
,,,,return,0,,17.8477,0,3,3,3,1,hmoodwse,modeshow,7899,2021-10-07_18h00.43.493,HCtest,2021.2.3,Win32,59.47424765,17.8289
,,,,return,0,,11.7504,0,4,4,4,1,edolsat,unsolve,7899,2021-10-07_18h00.43.493,HCtest,2021.2.3,Win32,59.47424765,11.7277
,,,,return,0,,18.0838,0,5,5,5,1,esmeknen,menneske,7899,2021-10-07_18h00.43.493,HCtest,2021.2.3,Win32,59.47424765,17.9967
,,,,return,0,,14.95,0,6,6,6,1,imafeil,familie,7899,2021-10-07_18h00.43.493,HCtest,2021.2.3,Win32,59.47424765,14.9295
,,,,return,0,,35.8446,0,7,7,7,1,ptilaosh,hospital,7899,2021-10-07_18h00.43.493,HCtest,2021.2.3,Win32,59.47424765,35.8216
,,,,return,0,,15.0351,0,8,8,8,1,anisplep,appelsin,7899,2021-10-07_18h00.43.493,HCtest,2021.2.3,Win32,59.47424765,15.0199
,,,,return,0,,8.2213,0,9,9,9,1,fdteakor,unsolve,7899,2021-10-07_18h00.43.493,HCtest,2021.2.3,Win32,59.47424765,8.1415
,,,,return,0,kaptajn,25.9316,0,10,10,10,1,ptajakn,kaptajn,7899,2021-10-07_18h00.43.493,HCtest,2021.2.3,Win32,59.47424765,25.9194
,,,,return,0,,78.4804,0,11,11,11,1,iovkonmr,mikroovn,7899,2021-10-07_18h00.43.493,HCtest,2021.2.3,Win32,59.47424765,78.4649
