﻿key_resp.keys,key_resp.rt,key_resp_4.keys,key_resp_4.rt,key_resp_2.keys,key_resp_2.corr,anagram_answer,RT,trials.thisRepN,trials.thisTrialN,trials.thisN,trials.thisIndex,trials.ran,anagrams,correct,id,date,expName,psychopyVersion,OS,frameRate,key_resp_2.rt,anaEndEnter.keys,anaEndEnter.rt,key_resp_3.keys,key_resp_3.rt,IQresponse.keys,IQresponse.corr,IQresponse.rt,IQpass.keys,trials_2.thisRepN,trials_2.thisTrialN,trials_2.thisN,trials_2.thisIndex,trials_2.ran,options,CorrectIQ,IQpass.rt,key_resp_5.keys,key_resp_5.rt
return,32.043,return,29.04,,0,,0.001,0,0,0,0,1,remove,REMOVE,15188,2021-11-01_20h25.03,HCtest,2021.2.3,MacIntel,58.82352941,,,,,,,,,,,,,,,,,,,
,,,,return,0,drivhus,38.93,0,1,1,1,1,shdvrui,drivhus,15188,2021-11-01_20h25.03,HCtest,2021.2.3,MacIntel,58.82352941,38.895,,,,,,,,,,,,,,,,,,
,,,,return,0,kastanje,40.032,0,2,2,2,1,jasekatn,kastanje,15188,2021-11-01_20h25.03,HCtest,2021.2.3,MacIntel,58.82352941,40.007,,,,,,,,,,,,,,,,,,
,,,,return,0,,92.214,0,3,3,3,1,hmoodwse,modeshow,15188,2021-11-01_20h25.03,HCtest,2021.2.3,MacIntel,58.82352941,92.195,,,,,,,,,,,,,,,,,,
,,,,return,0,,290.813,0,4,4,4,1,edolsat,unsolve,15188,2021-11-01_20h25.03,HCtest,2021.2.3,MacIntel,58.82352941,290.792,,,,,,,,,,,,,,,,,,
,,,,return,0,menneske,29.331,0,5,5,5,1,esmeknen,menneske,15188,2021-11-01_20h25.03,HCtest,2021.2.3,MacIntel,58.82352941,29.311,,,,,,,,,,,,,,,,,,
,,,,return,0,familie,42.015,0,6,6,6,1,imafeil,familie,15188,2021-11-01_20h25.03,HCtest,2021.2.3,MacIntel,58.82352941,41.995,,,,,,,,,,,,,,,,,,
,,,,return,0,hospital,23.499,0,7,7,7,1,ptilaosh,hospital,15188,2021-11-01_20h25.03,HCtest,2021.2.3,MacIntel,58.82352941,23.477,,,,,,,,,,,,,,,,,,
,,,,return,0,,191.029,0,8,8,8,1,anisplep,appelsin,15188,2021-11-01_20h25.03,HCtest,2021.2.3,MacIntel,58.82352941,191.005,,,,,,,,,,,,,,,,,,
,,,,return,0,,186.147,0,9,9,9,1,fdteakor,unsolve,15188,2021-11-01_20h25.03,HCtest,2021.2.3,MacIntel,58.82352941,186.127,,,,,,,,,,,,,,,,,,
,,,,return,0,kaptajn,9.849,0,10,10,10,1,ptajakn,kaptajn,15188,2021-11-01_20h25.03,HCtest,2021.2.3,MacIntel,58.82352941,9.83,,,,,,,,,,,,,,,,,,
,,,,return,0,,143.299,0,11,11,11,1,iovkonmr,mikroovn,15188,2021-11-01_20h25.03,HCtest,2021.2.3,MacIntel,58.82352941,143.272,,,,,,,,,,,,,,,,,,
,,,,return,0,fotografi,43.783,0,12,12,12,1,agotfiorf,fotografi,15188,2021-11-01_20h25.03,HCtest,2021.2.3,MacIntel,58.82352941,43.769,,,,,,,,,,,,,,,,,,
,,,,return,0,campingvogn,16.631,0,13,13,13,1,apniggncmvo,campingvogn,15188,2021-11-01_20h25.03,HCtest,2021.2.3,MacIntel,58.82352941,16.604,,,,,,,,,,,,,,,,,,
,,,,return,0,,91.416,0,14,14,14,1,rktneleal,tallerken,15188,2021-11-01_20h25.03,HCtest,2021.2.3,MacIntel,58.82352941,91.393,,,,,,,,,,,,,,,,,,
,,,,return,0,advokat,15.798,0,15,15,15,1,vkadato,advokat,15188,2021-11-01_20h25.03,HCtest,2021.2.3,MacIntel,58.82352941,15.776,,,,,,,,,,,,,,,,,,
,,,,,,,52.075,,,,,,,,15188,2021-11-01_20h25.03,HCtest,2021.2.3,MacIntel,58.82352941,,return,9.532,return,17.218,d,1,52.04,,0,0,0,2,1,Slide5.png,d,,,
,,,,,,,167.23,,,,,,,,15188,2021-11-01_20h25.03,HCtest,2021.2.3,MacIntel,58.82352941,,,,,,h,1,167.202,,0,1,1,3,1,Slide6.png,h,,,
,,,,,,,56.465,,,,,,,,15188,2021-11-01_20h25.03,HCtest,2021.2.3,MacIntel,58.82352941,,,,,,g,1,56.431,,0,2,2,1,1,Slide4.png,g,,,
,,,,,,,99.265,,,,,,,,15188,2021-11-01_20h25.03,HCtest,2021.2.3,MacIntel,58.82352941,,,,,,b,0,99.233,,0,3,3,4,1,Slide7.png,e,,,
,,,,,,,86.201,,,,,,,,15188,2021-11-01_20h25.03,HCtest,2021.2.3,MacIntel,58.82352941,,,,,,,0,,return,0,4,4,6,1,Slide9.png,f,86.169,,
,,,,,,,121.228,,,,,,,,15188,2021-11-01_20h25.03,HCtest,2021.2.3,MacIntel,58.82352941,,,,,,,0,,return,0,5,5,7,1,Slide10.png,b,121.19,,
,,,,,,,115.601,,,,,,,,15188,2021-11-01_20h25.03,HCtest,2021.2.3,MacIntel,58.82352941,,,,,,d,1,115.571,,0,6,6,0,1,Slide3.png,d,,,
,,,,,,,19.763,,,,,,,,15188,2021-11-01_20h25.03,HCtest,2021.2.3,MacIntel,58.82352941,,,,,,,0,,return,0,7,7,5,1,Slide8.png,h,19.73,,
,,,,,,,,,,,,,,,15188,2021-11-01_20h25.03,HCtest,2021.2.3,MacIntel,58.82352941,,,,,,,,,,,,,,,,,,return,6.568
