﻿key_resp.keys,key_resp.rt,key_resp_4.keys,key_resp_4.rt,key_resp_2.keys,key_resp_2.corr,anagram_answer,RT,trials.thisRepN,trials.thisTrialN,trials.thisN,trials.thisIndex,trials.ran,anagrams,correct,id,date,expName,psychopyVersion,OS,frameRate,key_resp_2.rt,anaEndEnter.keys,anaEndEnter.rt,key_resp_3.keys,key_resp_3.rt,IQresponse.keys,IQresponse.corr,IQresponse.rt,IQpass.keys,trials_2.thisRepN,trials_2.thisTrialN,trials_2.thisN,trials_2.thisIndex,trials_2.ran,options,CorrectIQ,key_resp_5.keys,key_resp_5.rt
return,10.433,return,12.57,,0,,0,0,0,0,0,1,remove,REMOVE,7381,2021-10-27_17h07.09.006,HCtest,2021.2.3,MacIntel,58.82352941,,,,,,,,,,,,,,,,,,
,,,,return,0,,30.834,0,1,1,1,1,shdvrui,drivhus,7381,2021-10-27_17h07.09.006,HCtest,2021.2.3,MacIntel,58.82352941,30.798,,,,,,,,,,,,,,,,,
,,,,return,0,,44.448,0,2,2,2,1,jasekatn,kastanje,7381,2021-10-27_17h07.09.006,HCtest,2021.2.3,MacIntel,58.82352941,44.426,,,,,,,,,,,,,,,,,
,,,,return,0,showdemo,55.499,0,3,3,3,1,hmoodwse,modeshow,7381,2021-10-27_17h07.09.006,HCtest,2021.2.3,MacIntel,58.82352941,55.482,,,,,,,,,,,,,,,,,
,,,,return,0,sol,81.597,0,4,4,4,1,edolsat,unsolve,7381,2021-10-27_17h07.09.006,HCtest,2021.2.3,MacIntel,58.82352941,81.571,,,,,,,,,,,,,,,,,
,,,,return,0,menneske,12.099,0,5,5,5,1,esmeknen,menneske,7381,2021-10-27_17h07.09.006,HCtest,2021.2.3,MacIntel,58.82352941,12.079,,,,,,,,,,,,,,,,,
,,,,return,0,,38.149,0,6,6,6,1,imafeil,familie,7381,2021-10-27_17h07.09.006,HCtest,2021.2.3,MacIntel,58.82352941,38.124,,,,,,,,,,,,,,,,,
,,,,return,0,,27.083,0,7,7,7,1,ptilaosh,hospital,7381,2021-10-27_17h07.09.006,HCtest,2021.2.3,MacIntel,58.82352941,27.058,,,,,,,,,,,,,,,,,
,,,,return,0,,27.848,0,8,8,8,1,anisplep,appelsin,7381,2021-10-27_17h07.09.006,HCtest,2021.2.3,MacIntel,58.82352941,27.825,,,,,,,,,,,,,,,,,
,,,,return,0,,26.582,0,9,9,9,1,fdteakor,unsolve,7381,2021-10-27_17h07.09.006,HCtest,2021.2.3,MacIntel,58.82352941,26.569,,,,,,,,,,,,,,,,,
,,,,return,0,kaptajn,16.666,0,10,10,10,1,ptajakn,kaptajn,7381,2021-10-27_17h07.09.006,HCtest,2021.2.3,MacIntel,58.82352941,16.651,,,,,,,,,,,,,,,,,
,,,,return,0,,32.432,0,11,11,11,1,iovkonmr,mikroovn,7381,2021-10-27_17h07.09.006,HCtest,2021.2.3,MacIntel,58.82352941,32.419,,,,,,,,,,,,,,,,,
,,,,return,0,,17.716,0,12,12,12,1,agotfiorf,fotografi,7381,2021-10-27_17h07.09.006,HCtest,2021.2.3,MacIntel,58.82352941,17.699,,,,,,,,,,,,,,,,,
,,,,return,0,,13.465,0,13,13,13,1,apniggncmvo,campingvogn,7381,2021-10-27_17h07.09.006,HCtest,2021.2.3,MacIntel,58.82352941,13.447,,,,,,,,,,,,,,,,,
,,,,return,0,,13.699,0,14,14,14,1,rktneleal,tallerken,7381,2021-10-27_17h07.09.006,HCtest,2021.2.3,MacIntel,58.82352941,13.684,,,,,,,,,,,,,,,,,
,,,,return,0,,32.699,0,15,15,15,1,vkadato,advokat,7381,2021-10-27_17h07.09.006,HCtest,2021.2.3,MacIntel,58.82352941,32.679,,,,,,,,,,,,,,,,,
,,,,,,,170.474,,,,,,,,7381,2021-10-27_17h07.09.006,HCtest,2021.2.3,MacIntel,58.82352941,,return,2.17,return,8.496,a,0,170.439,,0,0,0,5,1,Slide8.png,h,,
,,,,,,,61.165,,,,,,,,7381,2021-10-27_17h07.09.006,HCtest,2021.2.3,MacIntel,58.82352941,,,,,,a,0,61.13,,0,1,1,0,1,Slide3.png,d,,
,,,,,,,28.516,,,,,,,,7381,2021-10-27_17h07.09.006,HCtest,2021.2.3,MacIntel,58.82352941,,,,,,g,1,28.481,,0,2,2,1,1,Slide4.png,g,,
,,,,,,,39.649,,,,,,,,7381,2021-10-27_17h07.09.006,HCtest,2021.2.3,MacIntel,58.82352941,,,,,,g,0,39.619,,0,3,3,3,1,Slide6.png,h,,
,,,,,,,32.15,,,,,,,,7381,2021-10-27_17h07.09.006,HCtest,2021.2.3,MacIntel,58.82352941,,,,,,d,1,32.116,,0,4,4,2,1,Slide5.png,d,,
,,,,,,,53.548,,,,,,,,7381,2021-10-27_17h07.09.006,HCtest,2021.2.3,MacIntel,58.82352941,,,,,,f,1,53.513,,0,5,5,6,1,Slide9.png,f,,
,,,,,,,33.75,,,,,,,,7381,2021-10-27_17h07.09.006,HCtest,2021.2.3,MacIntel,58.82352941,,,,,,h,0,33.717,,0,6,6,7,1,Slide10.png,b,,
,,,,,,,27.382,,,,,,,,7381,2021-10-27_17h07.09.006,HCtest,2021.2.3,MacIntel,58.82352941,,,,,,e,1,27.349,,0,7,7,4,1,Slide7.png,e,,
,,,,,,,,,,,,,,,7381,2021-10-27_17h07.09.006,HCtest,2021.2.3,MacIntel,58.82352941,,,,,,,,,,,,,,,,,return,3.343
