﻿key_resp.keys,key_resp.rt,key_resp_4.keys,key_resp_4.rt,key_resp_2.keys,key_resp_2.corr,anagram_answer,RT,trials.thisRepN,trials.thisTrialN,trials.thisN,trials.thisIndex,trials.ran,anagrams,correct,id,date,expName,psychopyVersion,OS,frameRate,key_resp_2.rt,anaEndEnter.keys,anaEndEnter.rt,key_resp_3.keys,key_resp_3.rt,IQresponse.keys,IQresponse.corr,IQresponse.rt,IQpass.keys,trials_2.thisRepN,trials_2.thisTrialN,trials_2.thisN,trials_2.thisIndex,trials_2.ran,options,CorrectIQ,IQpass.rt,key_resp_5.keys,key_resp_5.rt
return,2.436,return,7.245,,0,,0,0,0,0,0,1,remove,REMOVE,13149,2021-10-29_19h31.14,HCtest,2021.2.3,MacIntel,61.12469438,,,,,,,,,,,,,,,,,,,
,,,,return,0,hdvirus,16.387,0,1,1,1,1,shdvrui,drivhus,13149,2021-10-29_19h31.14,HCtest,2021.2.3,MacIntel,61.12469438,16.369,,,,,,,,,,,,,,,,,,
,,,,return,0,kastanje,10.529,0,2,2,2,1,jasekatn,kastanje,13149,2021-10-29_19h31.14,HCtest,2021.2.3,MacIntel,61.12469438,10.522,,,,,,,,,,,,,,,,,,
,,,,return,0,hemswood,42.136,0,3,3,3,1,hmoodwse,modeshow,13149,2021-10-29_19h31.14,HCtest,2021.2.3,MacIntel,61.12469438,42.123,,,,,,,,,,,,,,,,,,
,,,,return,0,soldat,36,0,4,4,4,1,edolsat,unsolve,13149,2021-10-29_19h31.14,HCtest,2021.2.3,MacIntel,61.12469438,35.988,,,,,,,,,,,,,,,,,,
,,,,return,0,menneske,7.698,0,5,5,5,1,esmeknen,menneske,13149,2021-10-29_19h31.14,HCtest,2021.2.3,MacIntel,61.12469438,7.682,,,,,,,,,,,,,,,,,,
,,,,return,0,familie,10.432,0,6,6,6,1,imafeil,familie,13149,2021-10-29_19h31.14,HCtest,2021.2.3,MacIntel,61.12469438,10.407,,,,,,,,,,,,,,,,,,
,,,,return,0,hospital,10.733,0,7,7,7,1,ptilaosh,hospital,13149,2021-10-29_19h31.14,HCtest,2021.2.3,MacIntel,61.12469438,10.715,,,,,,,,,,,,,,,,,,
,,,,return,0,spiseplan,42.001,0,8,8,8,1,anisplep,appelsin,13149,2021-10-29_19h31.14,HCtest,2021.2.3,MacIntel,61.12469438,41.986,,,,,,,,,,,,,,,,,,
,,,,return,0,,67.601,0,9,9,9,1,fdteakor,unsolve,13149,2021-10-29_19h31.14,HCtest,2021.2.3,MacIntel,61.12469438,67.585,,,,,,,,,,,,,,,,,,
,,,,return,0,kaptajn,30.45,0,10,10,10,1,ptajakn,kaptajn,13149,2021-10-29_19h31.14,HCtest,2021.2.3,MacIntel,61.12469438,30.439,,,,,,,,,,,,,,,,,,
,,,,return,0,,82.421,0,11,11,11,1,iovkonmr,mikroovn,13149,2021-10-29_19h31.14,HCtest,2021.2.3,MacIntel,61.12469438,82.408,,,,,,,,,,,,,,,,,,
,,,,return,0,,46.251,0,12,12,12,1,agotfiorf,fotografi,13149,2021-10-29_19h31.14,HCtest,2021.2.3,MacIntel,61.12469438,46.242,,,,,,,,,,,,,,,,,,
,,,,return,0,,33.216,0,13,13,13,1,apniggncmvo,campingvogn,13149,2021-10-29_19h31.14,HCtest,2021.2.3,MacIntel,61.12469438,33.2,,,,,,,,,,,,,,,,,,
,,,,return,0,tallerken,34.849,0,14,14,14,1,rktneleal,tallerken,13149,2021-10-29_19h31.14,HCtest,2021.2.3,MacIntel,61.12469438,34.838,,,,,,,,,,,,,,,,,,
,,,,return,0,,43.785,0,15,15,15,1,vkadato,advokat,13149,2021-10-29_19h31.14,HCtest,2021.2.3,MacIntel,61.12469438,43.767,,,,,,,,,,,,,,,,,,
,,,,,,,39.084,,,,,,,,13149,2021-10-29_19h31.14,HCtest,2021.2.3,MacIntel,61.12469438,,return,3.173,return,9.712,d,1,39.029,,0,0,0,2,1,Slide5.png,d,,,
,,,,,,,47.718,,,,,,,,13149,2021-10-29_19h31.14,HCtest,2021.2.3,MacIntel,61.12469438,,,,,,g,1,47.66,,0,1,1,1,1,Slide4.png,g,,,
,,,,,,,41.481,,,,,,,,13149,2021-10-29_19h31.14,HCtest,2021.2.3,MacIntel,61.12469438,,,,,,,0,,return,0,2,2,0,1,Slide3.png,d,41.415,,
,,,,,,,29.934,,,,,,,,13149,2021-10-29_19h31.14,HCtest,2021.2.3,MacIntel,61.12469438,,,,,,,0,,return,0,3,3,3,1,Slide6.png,h,29.874,,
,,,,,,,35.366,,,,,,,,13149,2021-10-29_19h31.14,HCtest,2021.2.3,MacIntel,61.12469438,,,,,,c,0,35.311,,0,4,4,4,1,Slide7.png,e,,,
,,,,,,,8.497,,,,,,,,13149,2021-10-29_19h31.14,HCtest,2021.2.3,MacIntel,61.12469438,,,,,,,0,,return,0,5,5,7,1,Slide10.png,b,8.437,,
,,,,,,,39.053,,,,,,,,13149,2021-10-29_19h31.14,HCtest,2021.2.3,MacIntel,61.12469438,,,,,,,0,,return,0,6,6,5,1,Slide8.png,h,38.99,,
,,,,,,,3.715,,,,,,,,13149,2021-10-29_19h31.14,HCtest,2021.2.3,MacIntel,61.12469438,,,,,,,0,,return,0,7,7,6,1,Slide9.png,f,3.656,,
,,,,,,,,,,,,,,,13149,2021-10-29_19h31.14,HCtest,2021.2.3,MacIntel,61.12469438,,,,,,,,,,,,,,,,,,return,3.258
