﻿key_resp.keys,key_resp.rt,key_resp_4.keys,key_resp_4.rt,key_resp_2.keys,key_resp_2.corr,anagram_answer,RT,trials.thisRepN,trials.thisTrialN,trials.thisN,trials.thisIndex,trials.ran,anagrams,correct,id,date,expName,psychopyVersion,OS,frameRate,key_resp_2.rt,anaEndEnter.keys,anaEndEnter.rt,key_resp_3.keys,key_resp_3.rt,IQresponse.keys,IQresponse.corr,IQresponse.rt,IQpass.keys,trials_2.thisRepN,trials_2.thisTrialN,trials_2.thisN,trials_2.thisIndex,trials_2.ran,options,CorrectIQ,key_resp_5.keys,key_resp_5.rt
return,16.212,return,16.937,,0,,0,0,0,0,0,1,remove,REMOVE,5551,2021-11-08_16h06.05.009,HCtest,2021.2.3,MacIntel,66.66666667,,,,,,,,,,,,,,,,,,
,,,,return,0,drivhus,186.856,0,1,1,1,1,shdvrui,drivhus,5551,2021-11-08_16h06.05.009,HCtest,2021.2.3,MacIntel,66.66666667,186.842,,,,,,,,,,,,,,,,,
,,,,return,0,kastanje,70.565,0,2,2,2,1,jasekatn,kastanje,5551,2021-11-08_16h06.05.009,HCtest,2021.2.3,MacIntel,66.66666667,70.548,,,,,,,,,,,,,,,,,
,,,,return,0,showdemo,62.1,0,3,3,3,1,hmoodwse,modeshow,5551,2021-11-08_16h06.05.009,HCtest,2021.2.3,MacIntel,66.66666667,62.078,,,,,,,,,,,,,,,,,
,,,,return,0,saldoet,70.266,0,4,4,4,1,edolsat,unsolve,5551,2021-11-08_16h06.05.009,HCtest,2021.2.3,MacIntel,66.66666667,70.254,,,,,,,,,,,,,,,,,
,,,,return,0,menneske,28.747,0,5,5,5,1,esmeknen,menneske,5551,2021-11-08_16h06.05.009,HCtest,2021.2.3,MacIntel,66.66666667,28.735,,,,,,,,,,,,,,,,,
,,,,return,0,efimail,100.867,0,6,6,6,1,imafeil,familie,5551,2021-11-08_16h06.05.009,HCtest,2021.2.3,MacIntel,66.66666667,100.858,,,,,,,,,,,,,,,,,
,,,,return,0,polishat,141.917,0,7,7,7,1,ptilaosh,hospital,5551,2021-11-08_16h06.05.009,HCtest,2021.2.3,MacIntel,66.66666667,141.9,,,,,,,,,,,,,,,,,
,,,,return,0,alpenis,63.666,0,8,8,8,1,anisplep,appelsin,5551,2021-11-08_16h06.05.009,HCtest,2021.2.3,MacIntel,66.66666667,63.655,,,,,,,,,,,,,,,,,
,,,,return,0,faktored,100.533,0,9,9,9,1,fdteakor,unsolve,5551,2021-11-08_16h06.05.009,HCtest,2021.2.3,MacIntel,66.66666667,100.512,,,,,,,,,,,,,,,,,
,,,,return,0,ved ikke,87.582,0,10,10,10,1,ptajakn,kaptajn,5551,2021-11-08_16h06.05.009,HCtest,2021.2.3,MacIntel,66.66666667,87.56,,,,,,,,,,,,,,,,,
,,,,return,0,mikroovn,38.582,0,11,11,11,1,iovkonmr,mikroovn,5551,2021-11-08_16h06.05.009,HCtest,2021.2.3,MacIntel,66.66666667,38.565,,,,,,,,,,,,,,,,,
,,,,return,0,fotograf,20.282,0,12,12,12,1,agotfiorf,fotografi,5551,2021-11-08_16h06.05.009,HCtest,2021.2.3,MacIntel,66.66666667,20.262,,,,,,,,,,,,,,,,,
,,,,return,0,campingvogn,56.216,0,13,13,13,1,apniggncmvo,campingvogn,5551,2021-11-08_16h06.05.009,HCtest,2021.2.3,MacIntel,66.66666667,56.194,,,,,,,,,,,,,,,,,
,,,,return,0,nekteral,166.769,0,14,14,14,1,rktneleal,tallerken,5551,2021-11-08_16h06.05.009,HCtest,2021.2.3,MacIntel,66.66666667,166.758,,,,,,,,,,,,,,,,,
,,,,return,0,avokado,7.714,0,15,15,15,1,vkadato,advokat,5551,2021-11-08_16h06.05.009,HCtest,2021.2.3,MacIntel,66.66666667,7.699,,,,,,,,,,,,,,,,,
,,,,,,,75.739,,,,,,,,5551,2021-11-08_16h06.05.009,HCtest,2021.2.3,MacIntel,66.66666667,,return,5.641,return,13.656,h,1,75.711,,0,0,0,3,1,Slide6.png,h,,
,,,,,,,85.965,,,,,,,,5551,2021-11-08_16h06.05.009,HCtest,2021.2.3,MacIntel,66.66666667,,,,,,e,1,85.934,,0,1,1,4,1,Slide7.png,e,,
,,,,,,,689.077,,,,,,,,5551,2021-11-08_16h06.05.009,HCtest,2021.2.3,MacIntel,66.66666667,,,,,,d,0,689.039,,0,2,2,5,1,Slide8.png,h,,
,,,,,,,443.24,,,,,,,,5551,2021-11-08_16h06.05.009,HCtest,2021.2.3,MacIntel,66.66666667,,,,,,f,1,443.201,,0,3,3,6,1,Slide9.png,f,,
,,,,,,,44.164,,,,,,,,5551,2021-11-08_16h06.05.009,HCtest,2021.2.3,MacIntel,66.66666667,,,,,,d,1,44.13,,0,4,4,0,1,Slide3.png,d,,
,,,,,,,154.534,,,,,,,,5551,2021-11-08_16h06.05.009,HCtest,2021.2.3,MacIntel,66.66666667,,,,,,g,1,154.507,,0,5,5,1,1,Slide4.png,g,,
,,,,,,,174.002,,,,,,,,5551,2021-11-08_16h06.05.009,HCtest,2021.2.3,MacIntel,66.66666667,,,,,,e,0,173.965,,0,6,6,7,1,Slide10.png,b,,
,,,,,,,102.15,,,,,,,,5551,2021-11-08_16h06.05.009,HCtest,2021.2.3,MacIntel,66.66666667,,,,,,f,0,102.12,,0,7,7,2,1,Slide5.png,d,,
,,,,,,,,,,,,,,,5551,2021-11-08_16h06.05.009,HCtest,2021.2.3,MacIntel,66.66666667,,,,,,,,,,,,,,,,,return,4.226
