﻿key_resp.keys,key_resp.rt,key_resp_4.keys,key_resp_4.rt,key_resp_2.keys,key_resp_2.corr,anagram_answer,RT,trials.thisRepN,trials.thisTrialN,trials.thisN,trials.thisIndex,trials.ran,anagrams,correct,id,date,expName,psychopyVersion,OS,frameRate,key_resp_2.rt,anaEndEnter.keys,anaEndEnter.rt,key_resp_3.keys,key_resp_3.rt,IQresponse.keys,IQresponse.corr,IQresponse.rt,IQpass.keys,trials_2.thisRepN,trials_2.thisTrialN,trials_2.thisN,trials_2.thisIndex,trials_2.ran,options,CorrectIQ,key_resp_5.keys,key_resp_5.rt
return,6.375,return,21.713,,0,,0,0,0,0,0,1,remove,REMOVE,14314,2021-10-06_13h27.25.920,HCtest,2021.2.3,Win32,60.31363088,,,,,,,,,,,,,,,,,,
,,,,return,0,,43.329,0,1,1,1,1,shdvrui,drivhus,14314,2021-10-06_13h27.25.920,HCtest,2021.2.3,Win32,60.31363088,43.264,,,,,,,,,,,,,,,,,
,,,,return,0,kastanje,5.776,0,2,2,2,1,jasekatn,kastanje,14314,2021-10-06_13h27.25.920,HCtest,2021.2.3,Win32,60.31363088,5.752,,,,,,,,,,,,,,,,,
,,,,return,0,somehow,30.656,0,3,3,3,1,hmoodwse,modeshow,14314,2021-10-06_13h27.25.920,HCtest,2021.2.3,Win32,60.31363088,30.633,,,,,,,,,,,,,,,,,
,,,,return,0,,7.975,0,4,4,4,1,edolsat,unsolve,14314,2021-10-06_13h27.25.920,HCtest,2021.2.3,Win32,60.31363088,7.954,,,,,,,,,,,,,,,,,
,,,,return,0,menneske,5.043,0,5,5,5,1,esmeknen,menneske,14314,2021-10-06_13h27.25.920,HCtest,2021.2.3,Win32,60.31363088,5.024,,,,,,,,,,,,,,,,,
,,,,return,0,,17.135,0,6,6,6,1,imafeil,familie,14314,2021-10-06_13h27.25.920,HCtest,2021.2.3,Win32,60.31363088,17.116,,,,,,,,,,,,,,,,,
,,,,return,0,hospital,11.172,0,7,7,7,1,ptilaosh,hospital,14314,2021-10-06_13h27.25.920,HCtest,2021.2.3,Win32,60.31363088,11.161,,,,,,,,,,,,,,,,,
,,,,return,0,appelsin,43.914,0,8,8,8,1,anisplep,appelsin,14314,2021-10-06_13h27.25.920,HCtest,2021.2.3,Win32,60.31363088,43.892,,,,,,,,,,,,,,,,,
,,,,return,0,afkoder,21.035,0,9,9,9,1,fdteakor,unsolve,14314,2021-10-06_13h27.25.920,HCtest,2021.2.3,Win32,60.31363088,21.011,,,,,,,,,,,,,,,,,
,,,,return,0,kaptajn,14.631,0,10,10,10,1,ptajakn,kaptajn,14314,2021-10-06_13h27.25.920,HCtest,2021.2.3,Win32,60.31363088,14.611,,,,,,,,,,,,,,,,,
,,,,return,0,mikroovn,23.329,0,11,11,11,1,iovkonmr,mikroovn,14314,2021-10-06_13h27.25.920,HCtest,2021.2.3,Win32,60.31363088,23.305,,,,,,,,,,,,,,,,,
,,,,return,0,fotografi,15.302,0,12,12,12,1,agotfiorf,fotografi,14314,2021-10-06_13h27.25.920,HCtest,2021.2.3,Win32,60.31363088,15.283,,,,,,,,,,,,,,,,,
,,,,return,0,campingvogn,37.234,0,13,13,13,1,apniggncmvo,campingvogn,14314,2021-10-06_13h27.25.920,HCtest,2021.2.3,Win32,60.31363088,37.211,,,,,,,,,,,,,,,,,
,,,,return,0,,2.912,0,14,14,14,1,rktneleal,tallerken,14314,2021-10-06_13h27.25.920,HCtest,2021.2.3,Win32,60.31363088,2.895,,,,,,,,,,,,,,,,,
,,,,return,0,advokat,13.837,0,15,15,15,1,vkadato,advokat,14314,2021-10-06_13h27.25.920,HCtest,2021.2.3,Win32,60.31363088,13.824,,,,,,,,,,,,,,,,,
,,,,,,,31.485,,,,,,,,14314,2021-10-06_13h27.25.920,HCtest,2021.2.3,Win32,60.31363088,,return,2.067,return,8.832,b,0,31.418,,0,0,0,3,1,Slide6.png,h,,
,,,,,,,25.312,,,,,,,,14314,2021-10-06_13h27.25.920,HCtest,2021.2.3,Win32,60.31363088,,,,,,e,0,25.202,,0,1,1,5,1,Slide8.png,h,,
,,,,,,,55.803,,,,,,,,14314,2021-10-06_13h27.25.920,HCtest,2021.2.3,Win32,60.31363088,,,,,,f,0,55.72,,0,2,2,4,1,Slide7.png,e,,
,,,,,,,32.939,,,,,,,,14314,2021-10-06_13h27.25.920,HCtest,2021.2.3,Win32,60.31363088,,,,,,h,0,32.866,,0,3,3,0,1,Slide3.png,d,,
,,,,,,,2.696,,,,,,,,14314,2021-10-06_13h27.25.920,HCtest,2021.2.3,Win32,60.31363088,,,,,,f,1,2.612,,0,4,4,6,1,Slide9.png,f,,
,,,,,,,11.523,,,,,,,,14314,2021-10-06_13h27.25.920,HCtest,2021.2.3,Win32,60.31363088,,,,,,h,0,11.452,,0,5,5,7,1,Slide10.png,b,,
,,,,,,,14.771,,,,,,,,14314,2021-10-06_13h27.25.920,HCtest,2021.2.3,Win32,60.31363088,,,,,,g,1,14.687,,0,6,6,1,1,Slide4.png,g,,
,,,,,,,8.309,,,,,,,,14314,2021-10-06_13h27.25.920,HCtest,2021.2.3,Win32,60.31363088,,,,,,e,0,8.23,,0,7,7,2,1,Slide5.png,d,,
,,,,,,,,,,,,,,,14314,2021-10-06_13h27.25.920,HCtest,2021.2.3,Win32,60.31363088,,,,,,,,,,,,,,,,,return,3.751
