﻿key_resp.keys,key_resp.rt,key_resp_4.keys,key_resp_4.rt,key_resp_2.keys,key_resp_2.corr,anagram_answer,RT,trials.thisRepN,trials.thisTrialN,trials.thisN,trials.thisIndex,trials.ran,anagrams,correct,id,date,expName,psychopyVersion,OS,frameRate,key_resp_2.rt
return,25.0585,return,20.2996,,0,,0.0002,0,0,0,0,1,remove,REMOVE,10765,2021-10-23_20h06.12.757,HCtest,2021.2.3,Win32,59.81934558,
,,,,return,0,,54.2826,0,1,1,1,1,shdvrui,drivhus,10765,2021-10-23_20h06.12.757,HCtest,2021.2.3,Win32,59.81934558,54.2604
,,,,return,0,kastanje,135.8811,0,2,2,2,1,jasekatn,kastanje,10765,2021-10-23_20h06.12.757,HCtest,2021.2.3,Win32,59.81934558,135.8711
,,,,return,0,,90.4506,0,3,3,3,1,hmoodwse,modeshow,10765,2021-10-23_20h06.12.757,HCtest,2021.2.3,Win32,59.81934558,90.432
,,,,return,0,saltedol,69.2866,0,4,4,4,1,edolsat,unsolve,10765,2021-10-23_20h06.12.757,HCtest,2021.2.3,Win32,59.81934558,69.2679
,,,,return,0,,67.587,0,5,5,5,1,esmeknen,menneske,10765,2021-10-23_20h06.12.757,HCtest,2021.2.3,Win32,59.81934558,67.5677
