﻿key_resp.keys,key_resp.rt,key_resp_4.keys,key_resp_4.rt,key_resp_2.keys,key_resp_2.corr,anagram_answer,RT,trials.thisRepN,trials.thisTrialN,trials.thisN,trials.thisIndex,trials.ran,anagrams,correct,id,date,expName,psychopyVersion,OS,frameRate,key_resp_2.rt
return,2.6785,return,18.7432,,0,,0.0003,0,0,0,0,1,remove,REMOVE,17679,2021-10-18_15h30.26.059,HCtest,2021.2.3,Win32,60.08893162,
,,,,return,0,,31.7041,0,1,1,1,1,shdvrui,drivhus,17679,2021-10-18_15h30.26.059,HCtest,2021.2.3,Win32,60.08893162,31.6821
,,,,return,0,taskejan,487.9441,0,2,2,2,1,jasekatn,kastanje,17679,2021-10-18_15h30.26.059,HCtest,2021.2.3,Win32,60.08893162,487.9293
,,,,return,0,woodmesh,13.2147,0,3,3,3,1,hmoodwse,modeshow,17679,2021-10-18_15h30.26.059,HCtest,2021.2.3,Win32,60.08893162,13.2035
,,,,return,0,letsoda,173.99,0,4,4,4,1,edolsat,unsolve,17679,2021-10-18_15h30.26.059,HCtest,2021.2.3,Win32,60.08893162,173.9688
,,,,return,0,menneske,110.237,0,5,5,5,1,esmeknen,menneske,17679,2021-10-18_15h30.26.059,HCtest,2021.2.3,Win32,60.08893162,110.2127
,,,,return,0,familie,32.3275,0,6,6,6,1,imafeil,familie,17679,2021-10-18_15h30.26.059,HCtest,2021.2.3,Win32,60.08893162,32.3046
,,,,return,0,hoptilas,198.2043,0,7,7,7,1,ptilaosh,hospital,17679,2021-10-18_15h30.26.059,HCtest,2021.2.3,Win32,60.08893162,198.1796
,,,,return,0,,214.1889,0,8,8,8,1,anisplep,appelsin,17679,2021-10-18_15h30.26.059,HCtest,2021.2.3,Win32,60.08893162,214.1645
