﻿key_resp.keys,key_resp.rt,key_resp_4.keys,key_resp_4.rt,key_resp_2.keys,key_resp_2.corr,anagram_answer,RT,trials.thisRepN,trials.thisTrialN,trials.thisN,trials.thisIndex,trials.ran,anagrams,correct,id,date,expName,psychopyVersion,OS,frameRate,key_resp_2.rt
return,0.848,return,0.4815,,0,,0.0003,0,0,0,0,1,remove,REMOVE,16888,2021-10-05_14h27.29.883,HCtest,2021.2.3,MacIntel,59.99160118,
,,,,return,0,drivhus,2.9031,0,1,1,1,1,shdvrui,drivhus,16888,2021-10-05_14h27.29.883,HCtest,2021.2.3,MacIntel,59.99160118,2.8666
,,,,return,0,kastanje,118.5511,0,2,2,2,1,jasekatn,kastanje,16888,2021-10-05_14h27.29.883,HCtest,2021.2.3,MacIntel,59.99160118,118.5263
,,,,return,0,modeshow,173.6751,0,3,3,3,1,hmoodwse,modeshow,16888,2021-10-05_14h27.29.883,HCtest,2021.2.3,MacIntel,59.99160118,173.6525
