﻿key_resp.keys,key_resp.rt,key_resp_4.keys,key_resp_4.rt,key_resp_2.keys,key_resp_2.corr,anagram_answer,RT,trials.thisRepN,trials.thisTrialN,trials.thisN,trials.thisIndex,trials.ran,anagrams,correct,id,date,expName,psychopyVersion,OS,frameRate,key_resp_2.rt
return,9.3347,return,7.0456,,0,,0.0005,0,0,0,0,1,remove,REMOVE,7132,2021-10-06_15h25.15.121,HCtest,2021.2.3,Win32,60.37189085,
,,,,return,0,hudvirs,44.4418,0,1,1,1,1,shdvrui,drivhus,7132,2021-10-06_15h25.15.121,HCtest,2021.2.3,Win32,60.37189085,44.4207
,,,,return,0,,1.1036,0,2,2,2,1,jasekatn,kastanje,7132,2021-10-06_15h25.15.121,HCtest,2021.2.3,Win32,60.37189085,1.0795
,,,,return,0,,0.5299,0,3,3,3,1,hmoodwse,modeshow,7132,2021-10-06_15h25.15.121,HCtest,2021.2.3,Win32,60.37189085,0.5076
,,,,return,0,,0.1981,0,4,4,4,1,edolsat,unsolve,7132,2021-10-06_15h25.15.121,HCtest,2021.2.3,Win32,60.37189085,0.1859
,,,,return,0,,0.1978,0,5,5,5,1,esmeknen,menneske,7132,2021-10-06_15h25.15.121,HCtest,2021.2.3,Win32,60.37189085,0.1893
,,,,return,0,,0.2479,0,6,6,6,1,imafeil,familie,7132,2021-10-06_15h25.15.121,HCtest,2021.2.3,Win32,60.37189085,0.2306
,,,,return,0,,0.7779,0,7,7,7,1,ptilaosh,hospital,7132,2021-10-06_15h25.15.121,HCtest,2021.2.3,Win32,60.37189085,0.7652
,,,,return,0,,0.3467,0,8,8,8,1,anisplep,appelsin,7132,2021-10-06_15h25.15.121,HCtest,2021.2.3,Win32,60.37189085,0.33
