﻿key_resp.keys,key_resp.rt,key_resp_4.keys,key_resp_4.rt,key_resp_2.keys,key_resp_2.corr,anagram_answer,RT,trials.thisRepN,trials.thisTrialN,trials.thisN,trials.thisIndex,trials.ran,anagrams,correct,id,date,expName,psychopyVersion,OS,frameRate,key_resp_2.rt,anaEndEnter.keys,anaEndEnter.rt,key_resp_3.keys,key_resp_3.rt,IQresponse.keys,IQresponse.corr,IQresponse.rt,IQpass.keys,trials_2.thisRepN,trials_2.thisTrialN,trials_2.thisN,trials_2.thisIndex,trials_2.ran,options,CorrectIQ,key_resp_5.keys,key_resp_5.rt
return,15.563,return,17.673,,0,,0,0,0,0,0,1,remove,REMOVE,3766,2021-11-15_11h53.07.013,HCtest,2021.2.3,Win32,60.0240096,,,,,,,,,,,,,,,,,,
,,,,return,0,,178.413,0,1,1,1,1,shdvrui,drivhus,3766,2021-11-15_11h53.07.013,HCtest,2021.2.3,Win32,60.0240096,178.347,,,,,,,,,,,,,,,,,
,,,,return,0,,171.056,0,2,2,2,1,jasekatn,kastanje,3766,2021-11-15_11h53.07.013,HCtest,2021.2.3,Win32,60.0240096,171.029,,,,,,,,,,,,,,,,,
,,,,return,0,,60.924,0,3,3,3,1,hmoodwse,modeshow,3766,2021-11-15_11h53.07.013,HCtest,2021.2.3,Win32,60.0240096,60.896,,,,,,,,,,,,,,,,,
,,,,return,0,toldsat,64.541,0,4,4,4,1,edolsat,unsolve,3766,2021-11-15_11h53.07.013,HCtest,2021.2.3,Win32,60.0240096,64.52,,,,,,,,,,,,,,,,,
,,,,return,0,menneske,14.855,0,5,5,5,1,esmeknen,menneske,3766,2021-11-15_11h53.07.013,HCtest,2021.2.3,Win32,60.0240096,14.835,,,,,,,,,,,,,,,,,
,,,,return,0,familie,9.714,0,6,6,6,1,imafeil,familie,3766,2021-11-15_11h53.07.013,HCtest,2021.2.3,Win32,60.0240096,9.686,,,,,,,,,,,,,,,,,
,,,,return,0,hospital,32.429,0,7,7,7,1,ptilaosh,hospital,3766,2021-11-15_11h53.07.013,HCtest,2021.2.3,Win32,60.0240096,32.412,,,,,,,,,,,,,,,,,
,,,,return,0,appelsin,63.172,0,8,8,8,1,anisplep,appelsin,3766,2021-11-15_11h53.07.013,HCtest,2021.2.3,Win32,60.0240096,63.159,,,,,,,,,,,,,,,,,
,,,,return,0,krofadet,319.597,0,9,9,9,1,fdteakor,unsolve,3766,2021-11-15_11h53.07.013,HCtest,2021.2.3,Win32,60.0240096,319.584,,,,,,,,,,,,,,,,,
,,,,return,0,kaptajn,30.651,0,10,10,10,1,ptajakn,kaptajn,3766,2021-11-15_11h53.07.013,HCtest,2021.2.3,Win32,60.0240096,30.634,,,,,,,,,,,,,,,,,
,,,,return,0,,289.142,0,11,11,11,1,iovkonmr,mikroovn,3766,2021-11-15_11h53.07.013,HCtest,2021.2.3,Win32,60.0240096,289.118,,,,,,,,,,,,,,,,,
,,,,return,0,fotografi,77.588,0,12,12,12,1,agotfiorf,fotografi,3766,2021-11-15_11h53.07.013,HCtest,2021.2.3,Win32,60.0240096,77.569,,,,,,,,,,,,,,,,,
,,,,return,0,campingvogn,30.626,0,13,13,13,1,apniggncmvo,campingvogn,3766,2021-11-15_11h53.07.013,HCtest,2021.2.3,Win32,60.0240096,30.599,,,,,,,,,,,,,,,,,
,,,,return,0,kanterell,109.834,0,14,14,14,1,rktneleal,tallerken,3766,2021-11-15_11h53.07.013,HCtest,2021.2.3,Win32,60.0240096,109.814,,,,,,,,,,,,,,,,,
,,,,return,0,advokat,30.81,0,15,15,15,1,vkadato,advokat,3766,2021-11-15_11h53.07.013,HCtest,2021.2.3,Win32,60.0240096,30.781,,,,,,,,,,,,,,,,,
,,,,,,,25.403,,,,,,,,3766,2021-11-15_11h53.07.013,HCtest,2021.2.3,Win32,60.0240096,,return,4.363,return,11.049,d,1,25.357,,0,0,0,2,1,Slide5.png,d,,
,,,,,,,131.482,,,,,,,,3766,2021-11-15_11h53.07.013,HCtest,2021.2.3,Win32,60.0240096,,,,,,f,0,131.429,,0,1,1,4,1,Slide7.png,e,,
,,,,,,,99.769,,,,,,,,3766,2021-11-15_11h53.07.013,HCtest,2021.2.3,Win32,60.0240096,,,,,,b,1,99.709,,0,2,2,7,1,Slide10.png,b,,
,,,,,,,66.739,,,,,,,,3766,2021-11-15_11h53.07.013,HCtest,2021.2.3,Win32,60.0240096,,,,,,d,0,66.678,,0,3,3,3,1,Slide6.png,h,,
,,,,,,,107.422,,,,,,,,3766,2021-11-15_11h53.07.013,HCtest,2021.2.3,Win32,60.0240096,,,,,,c,0,107.354,,0,4,4,6,1,Slide9.png,f,,
,,,,,,,107.424,,,,,,,,3766,2021-11-15_11h53.07.013,HCtest,2021.2.3,Win32,60.0240096,,,,,,e,0,107.359,,0,5,5,5,1,Slide8.png,h,,
,,,,,,,134.2,,,,,,,,3766,2021-11-15_11h53.07.013,HCtest,2021.2.3,Win32,60.0240096,,,,,,e,0,134.137,,0,6,6,0,1,Slide3.png,d,,
,,,,,,,36.509,,,,,,,,3766,2021-11-15_11h53.07.013,HCtest,2021.2.3,Win32,60.0240096,,,,,,g,1,36.434,,0,7,7,1,1,Slide4.png,g,,
,,,,,,,,,,,,,,,3766,2021-11-15_11h53.07.013,HCtest,2021.2.3,Win32,60.0240096,,,,,,,,,,,,,,,,,return,7.128
