﻿key_resp.keys,key_resp.rt,key_resp_4.keys,key_resp_4.rt,key_resp_2.keys,key_resp_2.corr,anagram_answer,RT,trials.thisRepN,trials.thisTrialN,trials.thisN,trials.thisIndex,trials.ran,anagrams,correct,id,date,expName,psychopyVersion,OS,frameRate,key_resp_2.rt,anaEndEnter.keys,anaEndEnter.rt,key_resp_3.keys,key_resp_3.rt,IQresponse.keys,IQresponse.corr,IQresponse.rt,IQpass.keys,trials_2.thisRepN,trials_2.thisTrialN,trials_2.thisN,trials_2.thisIndex,trials_2.ran,options,CorrectIQ,key_resp_5.keys,key_resp_5.rt
return,18.4689,return,22.3958,,0,,0.0007,0,0,0,0,1,remove,REMOVE,3248,2021-11-03_18h32.10.461,HCtest,2021.2.3,MacIntel,59.97361161,,,,,,,,,,,,,,,,,,
,,,,return,0,,70.5563,0,1,1,1,1,shdvrui,drivhus,3248,2021-11-03_18h32.10.461,HCtest,2021.2.3,MacIntel,59.97361161,70.5315,,,,,,,,,,,,,,,,,
,,,,return,0,kastanje,25.5508,0,2,2,2,1,jasekatn,kastanje,3248,2021-11-03_18h32.10.461,HCtest,2021.2.3,MacIntel,59.97361161,25.5366,,,,,,,,,,,,,,,,,
,,,,return,0,,47.3229,0,3,3,3,1,hmoodwse,modeshow,3248,2021-11-03_18h32.10.461,HCtest,2021.2.3,MacIntel,59.97361161,47.3063,,,,,,,,,,,,,,,,,
,,,,return,0,,111.5748,0,4,4,4,1,edolsat,unsolve,3248,2021-11-03_18h32.10.461,HCtest,2021.2.3,MacIntel,59.97361161,111.5641,,,,,,,,,,,,,,,,,
,,,,return,0,eksemenen,51.28,0,5,5,5,1,esmeknen,menneske,3248,2021-11-03_18h32.10.461,HCtest,2021.2.3,MacIntel,59.97361161,51.2702,,,,,,,,,,,,,,,,,
,,,,return,0,,11.0596,0,6,6,6,1,imafeil,familie,3248,2021-11-03_18h32.10.461,HCtest,2021.2.3,MacIntel,59.97361161,11.0402,,,,,,,,,,,,,,,,,
,,,,return,0,,5.2233,0,7,7,7,1,ptilaosh,hospital,3248,2021-11-03_18h32.10.461,HCtest,2021.2.3,MacIntel,59.97361161,5.2044,,,,,,,,,,,,,,,,,
,,,,return,0,,4.0901,0,8,8,8,1,anisplep,appelsin,3248,2021-11-03_18h32.10.461,HCtest,2021.2.3,MacIntel,59.97361161,4.0743,,,,,,,,,,,,,,,,,
,,,,return,0,,8.6583,0,9,9,9,1,fdteakor,unsolve,3248,2021-11-03_18h32.10.461,HCtest,2021.2.3,MacIntel,59.97361161,8.6452,,,,,,,,,,,,,,,,,
,,,,return,0,kaptajn,10.1598,0,10,10,10,1,ptajakn,kaptajn,3248,2021-11-03_18h32.10.461,HCtest,2021.2.3,MacIntel,59.97361161,10.1398,,,,,,,,,,,,,,,,,
,,,,return,0,,24.5001,0,11,11,11,1,iovkonmr,mikroovn,3248,2021-11-03_18h32.10.461,HCtest,2021.2.3,MacIntel,59.97361161,24.4836,,,,,,,,,,,,,,,,,
,,,,return,0,,4.3095,0,12,12,12,1,agotfiorf,fotografi,3248,2021-11-03_18h32.10.461,HCtest,2021.2.3,MacIntel,59.97361161,4.2907,,,,,,,,,,,,,,,,,
,,,,return,0,,7.8424,0,13,13,13,1,apniggncmvo,campingvogn,3248,2021-11-03_18h32.10.461,HCtest,2021.2.3,MacIntel,59.97361161,7.8257,,,,,,,,,,,,,,,,,
,,,,return,0,,52.9307,0,14,14,14,1,rktneleal,tallerken,3248,2021-11-03_18h32.10.461,HCtest,2021.2.3,MacIntel,59.97361161,52.9203,,,,,,,,,,,,,,,,,
,,,,return,0,,30.6517,0,15,15,15,1,vkadato,advokat,3248,2021-11-03_18h32.10.461,HCtest,2021.2.3,MacIntel,59.97361161,30.6331,,,,,,,,,,,,,,,,,
,,,,,,,67.2937,,,,,,,,3248,2021-11-03_18h32.10.461,HCtest,2021.2.3,MacIntel,59.97361161,,return,4.3031,return,15.7179,e,1,67.2433,,0,0,0,4,1,Slide7.png,e,,
,,,,,,,14.3623,,,,,,,,3248,2021-11-03_18h32.10.461,HCtest,2021.2.3,MacIntel,59.97361161,,,,,,d,1,14.3165,,0,1,1,0,1,Slide3.png,d,,
,,,,,,,25.6173,,,,,,,,3248,2021-11-03_18h32.10.461,HCtest,2021.2.3,MacIntel,59.97361161,,,,,,h,0,25.5811,,0,2,2,2,1,Slide5.png,d,,
,,,,,,,21.1154,,,,,,,,3248,2021-11-03_18h32.10.461,HCtest,2021.2.3,MacIntel,59.97361161,,,,,,g,1,21.0698,,0,3,3,1,1,Slide4.png,g,,
,,,,,,,31.3215,,,,,,,,3248,2021-11-03_18h32.10.461,HCtest,2021.2.3,MacIntel,59.97361161,,,,,,f,0,31.2792,,0,4,4,7,1,Slide10.png,b,,
,,,,,,,15.6622,,,,,,,,3248,2021-11-03_18h32.10.461,HCtest,2021.2.3,MacIntel,59.97361161,,,,,,f,1,15.6114,,0,5,5,6,1,Slide9.png,f,,
,,,,,,,13.895,,,,,,,,3248,2021-11-03_18h32.10.461,HCtest,2021.2.3,MacIntel,59.97361161,,,,,,e,0,13.8555,,0,6,6,3,1,Slide6.png,h,,
,,,,,,,34.8239,,,,,,,,3248,2021-11-03_18h32.10.461,HCtest,2021.2.3,MacIntel,59.97361161,,,,,,g,0,34.7824,,0,7,7,5,1,Slide8.png,h,,
,,,,,,,,,,,,,,,3248,2021-11-03_18h32.10.461,HCtest,2021.2.3,MacIntel,59.97361161,,,,,,,,,,,,,,,,,return,17.6827
