﻿key_resp.keys,key_resp.rt,key_resp_4.keys,key_resp_4.rt,key_resp_2.keys,key_resp_2.corr,anagram_answer,RT,trials.thisRepN,trials.thisTrialN,trials.thisN,trials.thisIndex,trials.ran,anagrams,correct,id,date,expName,psychopyVersion,OS,frameRate,key_resp_2.rt
return,23.2501,return,15.13,,0,,0.0003,0,0,0,0,1,remove,REMOVE,275,2021-10-29_10h57.11.009,HCtest,2021.2.3,MacIntel,59.99880002,
,,,,return,0,drivhus,36.382,0,1,1,1,1,shdvrui,drivhus,275,2021-10-29_10h57.11.009,HCtest,2021.2.3,MacIntel,59.99880002,36.3629
,,,,return,0,kansten,3.0882,0,2,2,2,1,jasekatn,kastanje,275,2021-10-29_10h57.11.009,HCtest,2021.2.3,MacIntel,59.99880002,3.0684
,,,,return,0,modeshow,60.1868,0,3,3,3,1,hmoodwse,modeshow,275,2021-10-29_10h57.11.009,HCtest,2021.2.3,MacIntel,59.99880002,60.1679
,,,,return,0,,166.3457,0,4,4,4,1,edolsat,unsolve,275,2021-10-29_10h57.11.009,HCtest,2021.2.3,MacIntel,59.99880002,166.3282
