﻿key_resp.keys,key_resp.rt,key_resp_4.keys,key_resp_4.rt,key_resp_2.keys,key_resp_2.corr,anagram_answer,RT,trials.thisRepN,trials.thisTrialN,trials.thisN,trials.thisIndex,trials.ran,anagrams,correct,id,date,expName,psychopyVersion,OS,frameRate,key_resp_2.rt,anaEndEnter.keys,anaEndEnter.rt,key_resp_3.keys,key_resp_3.rt,IQresponse.keys,IQresponse.corr,IQresponse.rt,IQpass.keys,trials_2.thisRepN,trials_2.thisTrialN,trials_2.thisN,trials_2.thisIndex,trials_2.ran,options,CorrectIQ,key_resp_5.keys,key_resp_5.rt
return,2.205,return,1.3035,,0,,0.0007,0,0,0,0,1,remove,REMOVE,4136,2021-10-19_20h39.05.156,HCtest,2021.2.3,Win32,60.08171113,,,,,,,,,,,,,,,,,,
,,,,return,0,drivhus,9.5871,0,1,1,1,1,shdvrui,drivhus,4136,2021-10-19_20h39.05.156,HCtest,2021.2.3,Win32,60.08171113,9.5678,,,,,,,,,,,,,,,,,
,,,,return,0,kastanje,162.1259,0,2,2,2,1,jasekatn,kastanje,4136,2021-10-19_20h39.05.156,HCtest,2021.2.3,Win32,60.08171113,162.112,,,,,,,,,,,,,,,,,
,,,,return,0,modeshow,92.0609,0,3,3,3,1,hmoodwse,modeshow,4136,2021-10-19_20h39.05.156,HCtest,2021.2.3,Win32,60.08171113,92.0393,,,,,,,,,,,,,,,,,
,,,,return,0,loadet,130.6295,0,4,4,4,1,edolsat,unsolve,4136,2021-10-19_20h39.05.156,HCtest,2021.2.3,Win32,60.08171113,130.618,,,,,,,,,,,,,,,,,
,,,,return,0,menneske,39.1709,0,5,5,5,1,esmeknen,menneske,4136,2021-10-19_20h39.05.156,HCtest,2021.2.3,Win32,60.08171113,39.1485,,,,,,,,,,,,,,,,,
,,,,return,0,familie,76.9829,0,6,6,6,1,imafeil,familie,4136,2021-10-19_20h39.05.156,HCtest,2021.2.3,Win32,60.08171113,76.9619,,,,,,,,,,,,,,,,,
,,,,return,0,hospital,52.7513,0,7,7,7,1,ptilaosh,hospital,4136,2021-10-19_20h39.05.156,HCtest,2021.2.3,Win32,60.08171113,52.7408,,,,,,,,,,,,,,,,,
,,,,return,0,appelsin,20.2596,0,8,8,8,1,anisplep,appelsin,4136,2021-10-19_20h39.05.156,HCtest,2021.2.3,Win32,60.08171113,20.2484,,,,,,,,,,,,,,,,,
,,,,return,0,afkodet,188.7179,0,9,9,9,1,fdteakor,unsolve,4136,2021-10-19_20h39.05.156,HCtest,2021.2.3,Win32,60.08171113,188.7029,,,,,,,,,,,,,,,,,
,,,,return,0,kaptajn,45.6706,0,10,10,10,1,ptajakn,kaptajn,4136,2021-10-19_20h39.05.156,HCtest,2021.2.3,Win32,60.08171113,45.6508,,,,,,,,,,,,,,,,,
,,,,return,0,mikroovn,56.8849,0,11,11,11,1,iovkonmr,mikroovn,4136,2021-10-19_20h39.05.156,HCtest,2021.2.3,Win32,60.08171113,56.8753,,,,,,,,,,,,,,,,,
,,,,return,0,fotografi,84.996,0,12,12,12,1,agotfiorf,fotografi,4136,2021-10-19_20h39.05.156,HCtest,2021.2.3,Win32,60.08171113,84.9781,,,,,,,,,,,,,,,,,
,,,,return,0,campingvogn,70.1495,0,13,13,13,1,apniggncmvo,campingvogn,4136,2021-10-19_20h39.05.156,HCtest,2021.2.3,Win32,60.08171113,70.1285,,,,,,,,,,,,,,,,,
,,,,return,0,tallerken,80.5162,0,14,14,14,1,rktneleal,tallerken,4136,2021-10-19_20h39.05.156,HCtest,2021.2.3,Win32,60.08171113,80.5002,,,,,,,,,,,,,,,,,
,,,,return,0,advokat,38.0431,0,15,15,15,1,vkadato,advokat,4136,2021-10-19_20h39.05.156,HCtest,2021.2.3,Win32,60.08171113,38.0343,,,,,,,,,,,,,,,,,
,,,,,,,469.6758,,,,,,,,4136,2021-10-19_20h39.05.156,HCtest,2021.2.3,Win32,60.08171113,,return,5.6811,return,31.4261,f,0,469.6149,,0,0,0,4,1,Slide7.png,e,,
,,,,,,,245.4909,,,,,,,,4136,2021-10-19_20h39.05.156,HCtest,2021.2.3,Win32,60.08171113,,,,,,h,0,245.4315,,0,1,1,6,1,Slide9.png,f,,
,,,,,,,38.0153,,,,,,,,4136,2021-10-19_20h39.05.156,HCtest,2021.2.3,Win32,60.08171113,,,,,,a,0,37.955,,0,2,2,5,1,Slide8.png,h,,
,,,,,,,93.982,,,,,,,,4136,2021-10-19_20h39.05.156,HCtest,2021.2.3,Win32,60.08171113,,,,,,c,0,93.917,,0,3,3,0,1,Slide3.png,d,,
,,,,,,,104.7273,,,,,,,,4136,2021-10-19_20h39.05.156,HCtest,2021.2.3,Win32,60.08171113,,,,,,h,0,104.6652,,0,4,4,1,1,Slide4.png,g,,
,,,,,,,57.4727,,,,,,,,4136,2021-10-19_20h39.05.156,HCtest,2021.2.3,Win32,60.08171113,,,,,,f,0,57.4151,,0,5,5,2,1,Slide5.png,d,,
,,,,,,,53.0216,,,,,,,,4136,2021-10-19_20h39.05.156,HCtest,2021.2.3,Win32,60.08171113,,,,,,f,0,52.9598,,0,6,6,7,1,Slide10.png,b,,
,,,,,,,91.0181,,,,,,,,4136,2021-10-19_20h39.05.156,HCtest,2021.2.3,Win32,60.08171113,,,,,,f,0,90.966,,0,7,7,3,1,Slide6.png,h,,
,,,,,,,,,,,,,,,4136,2021-10-19_20h39.05.156,HCtest,2021.2.3,Win32,60.08171113,,,,,,,,,,,,,,,,,return,6.785
