﻿key_resp.keys,key_resp.rt,key_resp_4.keys,key_resp_4.rt,key_resp_2.keys,key_resp_2.corr,anagram_answer,RT,trials.thisRepN,trials.thisTrialN,trials.thisN,trials.thisIndex,trials.ran,anagrams,correct,id,date,expName,psychopyVersion,OS,frameRate,key_resp_2.rt,anaEndEnter.keys,anaEndEnter.rt,key_resp_3.keys,key_resp_3.rt,IQresponse.keys,IQresponse.corr,IQresponse.rt,IQpass.keys,trials_2.thisRepN,trials_2.thisTrialN,trials_2.thisN,trials_2.thisIndex,trials_2.ran,options,CorrectIQ,key_resp_5.keys,key_resp_5.rt
return,23.055,return,21.827,,0,,0,0,0,0,0,1,remove,REMOVE,10822,2021-11-21_16h51.40.188,HCtest,2021.2.3,MacIntel,58.82352941,,,,,,,,,,,,,,,,,,
,,,,return,0,drivhus,140.544,0,1,1,1,1,shdvrui,drivhus,10822,2021-11-21_16h51.40.188,HCtest,2021.2.3,MacIntel,58.82352941,140.513,,,,,,,,,,,,,,,,,
,,,,return,0,kastanje,46.818,0,2,2,2,1,jasekatn,kastanje,10822,2021-11-21_16h51.40.188,HCtest,2021.2.3,MacIntel,58.82352941,46.796,,,,,,,,,,,,,,,,,
,,,,return,0,woodmhse,226.408,0,3,3,3,1,hmoodwse,modeshow,10822,2021-11-21_16h51.40.188,HCtest,2021.2.3,MacIntel,58.82352941,226.388,,,,,,,,,,,,,,,,,
,,,,return,0,stalode,295.661,0,4,4,4,1,edolsat,unsolve,10822,2021-11-21_16h51.40.188,HCtest,2021.2.3,MacIntel,58.82352941,295.636,,,,,,,,,,,,,,,,,
,,,,return,0,menneske,78.201,0,5,5,5,1,esmeknen,menneske,10822,2021-11-21_16h51.40.188,HCtest,2021.2.3,MacIntel,58.82352941,78.191,,,,,,,,,,,,,,,,,
,,,,return,0,familie,61.784,0,6,6,6,1,imafeil,familie,10822,2021-11-21_16h51.40.188,HCtest,2021.2.3,MacIntel,58.82352941,61.774,,,,,,,,,,,,,,,,,
,,,,return,0,hospital,99.619,0,7,7,7,1,ptilaosh,hospital,10822,2021-11-21_16h51.40.188,HCtest,2021.2.3,MacIntel,58.82352941,99.608,,,,,,,,,,,,,,,,,
,,,,return,0,appelsen,108.886,0,8,8,8,1,anisplep,appelsin,10822,2021-11-21_16h51.40.188,HCtest,2021.2.3,MacIntel,58.82352941,108.863,,,,,,,,,,,,,,,,,
,,,,return,0,drafteko,252.392,0,9,9,9,1,fdteakor,unsolve,10822,2021-11-21_16h51.40.188,HCtest,2021.2.3,MacIntel,58.82352941,252.373,,,,,,,,,,,,,,,,,
,,,,return,0,kaptajn,30.733,0,10,10,10,1,ptajakn,kaptajn,10822,2021-11-21_16h51.40.188,HCtest,2021.2.3,MacIntel,58.82352941,30.707,,,,,,,,,,,,,,,,,
,,,,return,0,,147.971,0,11,11,11,1,iovkonmr,mikroovn,10822,2021-11-21_16h51.40.188,HCtest,2021.2.3,MacIntel,58.82352941,147.947,,,,,,,,,,,,,,,,,
,,,,return,0,,75.468,0,12,12,12,1,agotfiorf,fotografi,10822,2021-11-21_16h51.40.188,HCtest,2021.2.3,MacIntel,58.82352941,75.446,,,,,,,,,,,,,,,,,
,,,,return,0,campingvogn,34.048,0,13,13,13,1,apniggncmvo,campingvogn,10822,2021-11-21_16h51.40.188,HCtest,2021.2.3,MacIntel,58.82352941,34.039,,,,,,,,,,,,,,,,,
,,,,return,0,allentrek,99.403,0,14,14,14,1,rktneleal,tallerken,10822,2021-11-21_16h51.40.188,HCtest,2021.2.3,MacIntel,58.82352941,99.383,,,,,,,,,,,,,,,,,
,,,,return,0,avokado,11.216,0,15,15,15,1,vkadato,advokat,10822,2021-11-21_16h51.40.188,HCtest,2021.2.3,MacIntel,58.82352941,11.205,,,,,,,,,,,,,,,,,
,,,,,,,120.125,,,,,,,,10822,2021-11-21_16h51.40.188,HCtest,2021.2.3,MacIntel,58.82352941,,return,4.668,return,17.514,d,1,120.103,,0,0,0,0,1,Slide3.png,d,,
,,,,,,,202.506,,,,,,,,10822,2021-11-21_16h51.40.188,HCtest,2021.2.3,MacIntel,58.82352941,,,,,,h,1,202.482,,0,1,1,5,1,Slide8.png,h,,
,,,,,,,395.447,,,,,,,,10822,2021-11-21_16h51.40.188,HCtest,2021.2.3,MacIntel,58.82352941,,,,,,d,0,395.413,,0,2,2,3,1,Slide6.png,h,,
,,,,,,,198.875,,,,,,,,10822,2021-11-21_16h51.40.188,HCtest,2021.2.3,MacIntel,58.82352941,,,,,,g,1,198.836,,0,3,3,1,1,Slide4.png,g,,
,,,,,,,32.615,,,,,,,,10822,2021-11-21_16h51.40.188,HCtest,2021.2.3,MacIntel,58.82352941,,,,,,d,1,32.582,,0,4,4,2,1,Slide5.png,d,,
,,,,,,,31.285,,,,,,,,10822,2021-11-21_16h51.40.188,HCtest,2021.2.3,MacIntel,58.82352941,,,,,,f,0,31.256,,0,5,5,7,1,Slide10.png,b,,
,,,,,,,213.708,,,,,,,,10822,2021-11-21_16h51.40.188,HCtest,2021.2.3,MacIntel,58.82352941,,,,,,h,0,213.674,,0,6,6,4,1,Slide7.png,e,,
,,,,,,,209.574,,,,,,,,10822,2021-11-21_16h51.40.188,HCtest,2021.2.3,MacIntel,58.82352941,,,,,,g,0,209.544,,0,7,7,6,1,Slide9.png,f,,
,,,,,,,,,,,,,,,10822,2021-11-21_16h51.40.188,HCtest,2021.2.3,MacIntel,58.82352941,,,,,,,,,,,,,,,,,return,6.313
