﻿key_resp.keys,key_resp.rt,key_resp_4.keys,key_resp_4.rt,key_resp_2.keys,key_resp_2.corr,anagram_answer,RT,trials.thisRepN,trials.thisTrialN,trials.thisN,trials.thisIndex,trials.ran,anagrams,correct,id,date,expName,psychopyVersion,OS,frameRate,key_resp_2.rt,anaEndEnter.keys,anaEndEnter.rt,key_resp_3.keys,key_resp_3.rt,IQresponse.keys,IQresponse.corr,IQresponse.rt,IQpass.keys,trials_2.thisRepN,trials_2.thisTrialN,trials_2.thisN,trials_2.thisIndex,trials_2.ran,options,CorrectIQ,key_resp_5.keys,key_resp_5.rt
return,4.262,return,15.6173,,0,,0.0005,0,0,0,0,1,remove,REMOVE,9457,2021-11-15_19h44.22.697,HCtest,2021.2.3,MacIntel,59.84082341,,,,,,,,,,,,,,,,,,
,,,,return,0,virus,17.0725,0,1,1,1,1,shdvrui,drivhus,9457,2021-11-15_19h44.22.697,HCtest,2021.2.3,MacIntel,59.84082341,17.0454,,,,,,,,,,,,,,,,,
,,,,return,0,,14.1406,0,2,2,2,1,jasekatn,kastanje,9457,2021-11-15_19h44.22.697,HCtest,2021.2.3,MacIntel,59.84082341,14.1227,,,,,,,,,,,,,,,,,
,,,,return,0,,48.3324,0,3,3,3,1,hmoodwse,modeshow,9457,2021-11-15_19h44.22.697,HCtest,2021.2.3,MacIntel,59.84082341,48.3209,,,,,,,,,,,,,,,,,
,,,,return,0,,86.7228,0,4,4,4,1,edolsat,unsolve,9457,2021-11-15_19h44.22.697,HCtest,2021.2.3,MacIntel,59.84082341,86.7092,,,,,,,,,,,,,,,,,
,,,,return,0,skeenem,180.9043,0,5,5,5,1,esmeknen,menneske,9457,2021-11-15_19h44.22.697,HCtest,2021.2.3,MacIntel,59.84082341,180.8957,,,,,,,,,,,,,,,,,
,,,,return,0,familie,70.0222,0,6,6,6,1,imafeil,familie,9457,2021-11-15_19h44.22.697,HCtest,2021.2.3,MacIntel,59.84082341,70.0027,,,,,,,,,,,,,,,,,
,,,,return,0,hospital,50.5563,0,7,7,7,1,ptilaosh,hospital,9457,2021-11-15_19h44.22.697,HCtest,2021.2.3,MacIntel,59.84082341,50.5464,,,,,,,,,,,,,,,,,
,,,,return,0,appelsin,80.3378,0,8,8,8,1,anisplep,appelsin,9457,2021-11-15_19h44.22.697,HCtest,2021.2.3,MacIntel,59.84082341,80.3261,,,,,,,,,,,,,,,,,
,,,,return,0,,35.1452,0,9,9,9,1,fdteakor,unsolve,9457,2021-11-15_19h44.22.697,HCtest,2021.2.3,MacIntel,59.84082341,35.1275,,,,,,,,,,,,,,,,,
,,,,return,0,,43.3844,0,10,10,10,1,ptajakn,kaptajn,9457,2021-11-15_19h44.22.697,HCtest,2021.2.3,MacIntel,59.84082341,43.3687,,,,,,,,,,,,,,,,,
,,,,return,0,mikroovn,67.4344,0,11,11,11,1,iovkonmr,mikroovn,9457,2021-11-15_19h44.22.697,HCtest,2021.2.3,MacIntel,59.84082341,67.4241,,,,,,,,,,,,,,,,,
,,,,return,0,,57.1059,0,12,12,12,1,agotfiorf,fotografi,9457,2021-11-15_19h44.22.697,HCtest,2021.2.3,MacIntel,59.84082341,57.0951,,,,,,,,,,,,,,,,,
,,,,return,0,campingvogn,59.5626,0,13,13,13,1,apniggncmvo,campingvogn,9457,2021-11-15_19h44.22.697,HCtest,2021.2.3,MacIntel,59.84082341,59.5476,,,,,,,,,,,,,,,,,
,,,,return,0,tallerken,41.4133,0,14,14,14,1,rktneleal,tallerken,9457,2021-11-15_19h44.22.697,HCtest,2021.2.3,MacIntel,59.84082341,41.3935,,,,,,,,,,,,,,,,,
,,,,return,0,advokat,51.5053,0,15,15,15,1,vkadato,advokat,9457,2021-11-15_19h44.22.697,HCtest,2021.2.3,MacIntel,59.84082341,51.4876,,,,,,,,,,,,,,,,,
,,,,,,,80.5785,,,,,,,,9457,2021-11-15_19h44.22.697,HCtest,2021.2.3,MacIntel,59.84082341,,return,12.2406,return,11.068,e,1,80.5328,,0,0,0,4,1,Slide7.png,e,,
,,,,,,,95.7602,,,,,,,,9457,2021-11-15_19h44.22.697,HCtest,2021.2.3,MacIntel,59.84082341,,,,,,f,0,95.7119,,0,1,1,1,1,Slide4.png,g,,
,,,,,,,82.9437,,,,,,,,9457,2021-11-15_19h44.22.697,HCtest,2021.2.3,MacIntel,59.84082341,,,,,,d,1,82.9031,,0,2,2,2,1,Slide5.png,d,,
,,,,,,,32.2316,,,,,,,,9457,2021-11-15_19h44.22.697,HCtest,2021.2.3,MacIntel,59.84082341,,,,,,d,1,32.1901,,0,3,3,0,1,Slide3.png,d,,
,,,,,,,60.737,,,,,,,,9457,2021-11-15_19h44.22.697,HCtest,2021.2.3,MacIntel,59.84082341,,,,,,f,0,60.6798,,0,4,4,7,1,Slide10.png,b,,
,,,,,,,88.3076,,,,,,,,9457,2021-11-15_19h44.22.697,HCtest,2021.2.3,MacIntel,59.84082341,,,,,,h,1,88.264,,0,5,5,3,1,Slide6.png,h,,
,,,,,,,104.3311,,,,,,,,9457,2021-11-15_19h44.22.697,HCtest,2021.2.3,MacIntel,59.84082341,,,,,,b,0,104.2859,,0,6,6,6,1,Slide9.png,f,,
,,,,,,,134.2801,,,,,,,,9457,2021-11-15_19h44.22.697,HCtest,2021.2.3,MacIntel,59.84082341,,,,,,h,1,134.2334,,0,7,7,5,1,Slide8.png,h,,
,,,,,,,,,,,,,,,9457,2021-11-15_19h44.22.697,HCtest,2021.2.3,MacIntel,59.84082341,,,,,,,,,,,,,,,,,return,2.7607
