﻿key_resp.keys,key_resp.rt,key_resp_4.keys,key_resp_4.rt,key_resp_2.keys,key_resp_2.corr,anagram_answer,RT,trials.thisRepN,trials.thisTrialN,trials.thisN,trials.thisIndex,trials.ran,anagrams,correct,id,date,expName,psychopyVersion,OS,frameRate,key_resp_2.rt,anaEndEnter.keys,anaEndEnter.rt,key_resp_3.keys,key_resp_3.rt,IQresponse.keys,IQresponse.corr,IQresponse.rt,IQpass.keys,trials_2.thisRepN,trials_2.thisTrialN,trials_2.thisN,trials_2.thisIndex,trials_2.ran,options,CorrectIQ,key_resp_5.keys,key_resp_5.rt
return,17.106,return,28.283,,0,,0,0,0,0,0,1,remove,REMOVE,5713,2021-10-06_19h22.04.542,HCtest,2021.2.3,MacIntel,62.5,,,,,,,,,,,,,,,,,,
,,,,return,0,drivhus,17.361,0,1,1,1,1,shdvrui,drivhus,5713,2021-10-06_19h22.04.542,HCtest,2021.2.3,MacIntel,62.5,17.347,,,,,,,,,,,,,,,,,
,,,,return,0,kastanje,49.667,0,2,2,2,1,jasekatn,kastanje,5713,2021-10-06_19h22.04.542,HCtest,2021.2.3,MacIntel,62.5,49.655,,,,,,,,,,,,,,,,,
,,,,return,0,,44.117,0,3,3,3,1,hmoodwse,modeshow,5713,2021-10-06_19h22.04.542,HCtest,2021.2.3,MacIntel,62.5,44.106,,,,,,,,,,,,,,,,,
,,,,return,0,,74.701,0,4,4,4,1,edolsat,unsolve,5713,2021-10-06_19h22.04.542,HCtest,2021.2.3,MacIntel,62.5,74.679,,,,,,,,,,,,,,,,,
,,,,return,0,menneske,24.033,0,5,5,5,1,esmeknen,menneske,5713,2021-10-06_19h22.04.542,HCtest,2021.2.3,MacIntel,62.5,24.011,,,,,,,,,,,,,,,,,
,,,,return,0,familie,20.083,0,6,6,6,1,imafeil,familie,5713,2021-10-06_19h22.04.542,HCtest,2021.2.3,MacIntel,62.5,20.062,,,,,,,,,,,,,,,,,
,,,,return,0,hospital,7.399,0,7,7,7,1,ptilaosh,hospital,5713,2021-10-06_19h22.04.542,HCtest,2021.2.3,MacIntel,62.5,7.376,,,,,,,,,,,,,,,,,
,,,,return,0,,45.918,0,8,8,8,1,anisplep,appelsin,5713,2021-10-06_19h22.04.542,HCtest,2021.2.3,MacIntel,62.5,45.907,,,,,,,,,,,,,,,,,
,,,,return,0,,48.917,0,9,9,9,1,fdteakor,unsolve,5713,2021-10-06_19h22.04.542,HCtest,2021.2.3,MacIntel,62.5,48.91,,,,,,,,,,,,,,,,,
,,,,return,0,kaptajn,9.216,0,10,10,10,1,ptajakn,kaptajn,5713,2021-10-06_19h22.04.542,HCtest,2021.2.3,MacIntel,62.5,9.195,,,,,,,,,,,,,,,,,
,,,,return,0,,57.25,0,11,11,11,1,iovkonmr,mikroovn,5713,2021-10-06_19h22.04.542,HCtest,2021.2.3,MacIntel,62.5,57.228,,,,,,,,,,,,,,,,,
,,,,return,0,,34.534,0,12,12,12,1,agotfiorf,fotografi,5713,2021-10-06_19h22.04.542,HCtest,2021.2.3,MacIntel,62.5,34.512,,,,,,,,,,,,,,,,,
,,,,return,0,,29.915,0,13,13,13,1,apniggncmvo,campingvogn,5713,2021-10-06_19h22.04.542,HCtest,2021.2.3,MacIntel,62.5,29.905,,,,,,,,,,,,,,,,,
,,,,return,0,,21.335,0,14,14,14,1,rktneleal,tallerken,5713,2021-10-06_19h22.04.542,HCtest,2021.2.3,MacIntel,62.5,21.323,,,,,,,,,,,,,,,,,
,,,,return,0,advokat,16.516,0,15,15,15,1,vkadato,advokat,5713,2021-10-06_19h22.04.542,HCtest,2021.2.3,MacIntel,62.5,16.505,,,,,,,,,,,,,,,,,
,,,,,,,15.571,,,,,,,,5713,2021-10-06_19h22.04.542,HCtest,2021.2.3,MacIntel,62.5,,return,3.136,return,11.576,c,0,15.553,,0,0,0,0,1,Slide3.png,d,,
,,,,,,,65.267,,,,,,,,5713,2021-10-06_19h22.04.542,HCtest,2021.2.3,MacIntel,62.5,,,,,,d,0,65.241,,0,1,1,5,1,Slide8.png,h,,
,,,,,,,46.618,,,,,,,,5713,2021-10-06_19h22.04.542,HCtest,2021.2.3,MacIntel,62.5,,,,,,f,0,46.582,,0,2,2,4,1,Slide7.png,e,,
,,,,,,,57.835,,,,,,,,5713,2021-10-06_19h22.04.542,HCtest,2021.2.3,MacIntel,62.5,,,,,,g,1,57.808,,0,3,3,1,1,Slide4.png,g,,
,,,,,,,16.132,,,,,,,,5713,2021-10-06_19h22.04.542,HCtest,2021.2.3,MacIntel,62.5,,,,,,d,1,16.099,,0,4,4,2,1,Slide5.png,d,,
,,,,,,,37.317,,,,,,,,5713,2021-10-06_19h22.04.542,HCtest,2021.2.3,MacIntel,62.5,,,,,,h,1,37.284,,0,5,5,3,1,Slide6.png,h,,
,,,,,,,79.668,,,,,,,,5713,2021-10-06_19h22.04.542,HCtest,2021.2.3,MacIntel,62.5,,,,,,h,0,79.635,,0,6,6,6,1,Slide9.png,f,,
,,,,,,,37.669,,,,,,,,5713,2021-10-06_19h22.04.542,HCtest,2021.2.3,MacIntel,62.5,,,,,,b,1,37.631,,0,7,7,7,1,Slide10.png,b,,
,,,,,,,,,,,,,,,5713,2021-10-06_19h22.04.542,HCtest,2021.2.3,MacIntel,62.5,,,,,,,,,,,,,,,,,return,6.179
