﻿key_resp.keys,key_resp.rt,key_resp_4.keys,key_resp_4.rt,key_resp_2.keys,key_resp_2.corr,anagram_answer,RT,trials.thisRepN,trials.thisTrialN,trials.thisN,trials.thisIndex,trials.ran,anagrams,correct,id,date,expName,psychopyVersion,OS,frameRate,key_resp_2.rt,anaEndEnter.keys,anaEndEnter.rt,key_resp_3.keys,key_resp_3.rt,IQresponse.keys,IQresponse.corr,IQresponse.rt,IQpass.keys,trials_2.thisRepN,trials_2.thisTrialN,trials_2.thisN,trials_2.thisIndex,trials_2.ran,options,CorrectIQ,key_resp_5.keys,key_resp_5.rt
return,26.7459,return,23.4316,,0,,0.0003,0,0,0,0,1,remove,REMOVE,4362,2021-10-28_11h45.42.795,HCtest,2021.2.3,MacIntel,59.84082341,,,,,,,,,,,,,,,,,,
,,,,return,0,,56.8146,0,1,1,1,1,shdvrui,drivhus,4362,2021-10-28_11h45.42.795,HCtest,2021.2.3,MacIntel,59.84082341,56.7936,,,,,,,,,,,,,,,,,
,,,,return,0,kastanje,155.737,0,2,2,2,1,jasekatn,kastanje,4362,2021-10-28_11h45.42.795,HCtest,2021.2.3,MacIntel,59.84082341,155.7195,,,,,,,,,,,,,,,,,
,,,,return,0,,42.982,0,3,3,3,1,hmoodwse,modeshow,4362,2021-10-28_11h45.42.795,HCtest,2021.2.3,MacIntel,59.84082341,42.9682,,,,,,,,,,,,,,,,,
,,,,return,0,,52.7758,0,4,4,4,1,edolsat,unsolve,4362,2021-10-28_11h45.42.795,HCtest,2021.2.3,MacIntel,59.84082341,52.7565,,,,,,,,,,,,,,,,,
,,,,return,0,menneske,7.6204,0,5,5,5,1,esmeknen,menneske,4362,2021-10-28_11h45.42.795,HCtest,2021.2.3,MacIntel,59.84082341,7.6109,,,,,,,,,,,,,,,,,
,,,,return,0,familie,11.4526,0,6,6,6,1,imafeil,familie,4362,2021-10-28_11h45.42.795,HCtest,2021.2.3,MacIntel,59.84082341,11.4326,,,,,,,,,,,,,,,,,
,,,,return,0,,19.3692,0,7,7,7,1,ptilaosh,hospital,4362,2021-10-28_11h45.42.795,HCtest,2021.2.3,MacIntel,59.84082341,19.3517,,,,,,,,,,,,,,,,,
,,,,return,0,,22.1422,0,8,8,8,1,anisplep,appelsin,4362,2021-10-28_11h45.42.795,HCtest,2021.2.3,MacIntel,59.84082341,22.1308,,,,,,,,,,,,,,,,,
,,,,return,0,,25.622,0,9,9,9,1,fdteakor,unsolve,4362,2021-10-28_11h45.42.795,HCtest,2021.2.3,MacIntel,59.84082341,25.6162,,,,,,,,,,,,,,,,,
,,,,return,0,kaptajn,4.6006,0,10,10,10,1,ptajakn,kaptajn,4362,2021-10-28_11h45.42.795,HCtest,2021.2.3,MacIntel,59.84082341,4.5892,,,,,,,,,,,,,,,,,
,,,,return,0,,18.1,0,11,11,11,1,iovkonmr,mikroovn,4362,2021-10-28_11h45.42.795,HCtest,2021.2.3,MacIntel,59.84082341,18.0884,,,,,,,,,,,,,,,,,
,,,,return,0,,4.4978,0,12,12,12,1,agotfiorf,fotografi,4362,2021-10-28_11h45.42.795,HCtest,2021.2.3,MacIntel,59.84082341,4.4816,,,,,,,,,,,,,,,,,
,,,,return,0,,2.0739,0,13,13,13,1,apniggncmvo,campingvogn,4362,2021-10-28_11h45.42.795,HCtest,2021.2.3,MacIntel,59.84082341,2.0627,,,,,,,,,,,,,,,,,
,,,,return,0,,3.5578,0,14,14,14,1,rktneleal,tallerken,4362,2021-10-28_11h45.42.795,HCtest,2021.2.3,MacIntel,59.84082341,3.5424,,,,,,,,,,,,,,,,,
,,,,return,0,advokato,6.6231,0,15,15,15,1,vkadato,advokat,4362,2021-10-28_11h45.42.795,HCtest,2021.2.3,MacIntel,59.84082341,6.6101,,,,,,,,,,,,,,,,,
,,,,,,,59.9839,,,,,,,,4362,2021-10-28_11h45.42.795,HCtest,2021.2.3,MacIntel,59.84082341,,return,6.8501,return,15.2084,d,1,59.9353,,0,0,0,0,1,Slide3.png,d,,
,,,,,,,145.3428,,,,,,,,4362,2021-10-28_11h45.42.795,HCtest,2021.2.3,MacIntel,59.84082341,,,,,,f,0,145.2967,,0,1,1,5,1,Slide8.png,h,,
,,,,,,,25.7732,,,,,,,,4362,2021-10-28_11h45.42.795,HCtest,2021.2.3,MacIntel,59.84082341,,,,,,f,0,25.7349,,0,2,2,1,1,Slide4.png,g,,
,,,,,,,26.8549,,,,,,,,4362,2021-10-28_11h45.42.795,HCtest,2021.2.3,MacIntel,59.84082341,,,,,,f,0,26.8109,,0,3,3,2,1,Slide5.png,d,,
,,,,,,,38.0075,,,,,,,,4362,2021-10-28_11h45.42.795,HCtest,2021.2.3,MacIntel,59.84082341,,,,,,f,0,37.966,,0,4,4,7,1,Slide10.png,b,,
,,,,,,,36.0674,,,,,,,,4362,2021-10-28_11h45.42.795,HCtest,2021.2.3,MacIntel,59.84082341,,,,,,e,0,36.0225,,0,5,5,6,1,Slide9.png,f,,
,,,,,,,49.968,,,,,,,,4362,2021-10-28_11h45.42.795,HCtest,2021.2.3,MacIntel,59.84082341,,,,,,a,0,49.9285,,0,6,6,3,1,Slide6.png,h,,
,,,,,,,22.2653,,,,,,,,4362,2021-10-28_11h45.42.795,HCtest,2021.2.3,MacIntel,59.84082341,,,,,,c,0,22.2238,,0,7,7,4,1,Slide7.png,e,,
,,,,,,,,,,,,,,,4362,2021-10-28_11h45.42.795,HCtest,2021.2.3,MacIntel,59.84082341,,,,,,,,,,,,,,,,,return,4.7462
