﻿key_resp.keys,key_resp.rt,key_resp_4.keys,key_resp_4.rt,key_resp_2.keys,key_resp_2.corr,anagram_answer,RT,trials.thisRepN,trials.thisTrialN,trials.thisN,trials.thisIndex,trials.ran,anagrams,correct,id,date,expName,psychopyVersion,OS,frameRate,key_resp_2.rt,anaEndEnter.keys,anaEndEnter.rt,key_resp_3.keys,key_resp_3.rt,IQresponse.keys,IQresponse.corr,IQresponse.rt,IQpass.keys,trials_2.thisRepN,trials_2.thisTrialN,trials_2.thisN,trials_2.thisIndex,trials_2.ran,options,CorrectIQ,key_resp_5.keys,key_resp_5.rt
return,6.131,return,1.278,,0,,0.001,0,0,0,0,1,remove,REMOVE,5014,2021-10-05_13h57.23.274,HCtest,2021.2.3,MacIntel,40,,,,,,,,,,,,,,,,,,
,,,,return,0,,0.884,0,1,1,1,1,shdvrui,drivhus,5014,2021-10-05_13h57.23.274,HCtest,2021.2.3,MacIntel,40,0.831,,,,,,,,,,,,,,,,,
,,,,return,0,,0.332,0,2,2,2,1,jasekatn,kastanje,5014,2021-10-05_13h57.23.274,HCtest,2021.2.3,MacIntel,40,0.31,,,,,,,,,,,,,,,,,
,,,,return,0,,0.199,0,3,3,3,1,hmoodwse,modeshow,5014,2021-10-05_13h57.23.274,HCtest,2021.2.3,MacIntel,40,0.177,,,,,,,,,,,,,,,,,
,,,,return,0,,0.2,0,4,4,4,1,edolsat,unsolve,5014,2021-10-05_13h57.23.274,HCtest,2021.2.3,MacIntel,40,0.176,,,,,,,,,,,,,,,,,
,,,,return,0,,0.198,0,5,5,5,1,esmeknen,menneske,5014,2021-10-05_13h57.23.274,HCtest,2021.2.3,MacIntel,40,0.176,,,,,,,,,,,,,,,,,
,,,,return,0,,0.217,0,6,6,6,1,imafeil,familie,5014,2021-10-05_13h57.23.274,HCtest,2021.2.3,MacIntel,40,0.194,,,,,,,,,,,,,,,,,
,,,,return,0,,0.2,0,7,7,7,1,ptilaosh,hospital,5014,2021-10-05_13h57.23.274,HCtest,2021.2.3,MacIntel,40,0.176,,,,,,,,,,,,,,,,,
,,,,return,0,,0.215,0,8,8,8,1,anisplep,appelsin,5014,2021-10-05_13h57.23.274,HCtest,2021.2.3,MacIntel,40,0.192,,,,,,,,,,,,,,,,,
,,,,return,0,,1.166,0,9,9,9,1,fdteakor,unsolve,5014,2021-10-05_13h57.23.274,HCtest,2021.2.3,MacIntel,40,1.148,,,,,,,,,,,,,,,,,
,,,,return,0,,4.849,0,10,10,10,1,ptajakn,kaptajn,5014,2021-10-05_13h57.23.274,HCtest,2021.2.3,MacIntel,40,4.83,,,,,,,,,,,,,,,,,
,,,,return,0,,0.482,0,11,11,11,1,iovkonmr,mikroovn,5014,2021-10-05_13h57.23.274,HCtest,2021.2.3,MacIntel,40,0.459,,,,,,,,,,,,,,,,,
,,,,return,0,,0.366,0,12,12,12,1,agotfiorf,fotografi,5014,2021-10-05_13h57.23.274,HCtest,2021.2.3,MacIntel,40,0.344,,,,,,,,,,,,,,,,,
,,,,return,0,,0.282,0,13,13,13,1,apniggncmvo,campingvogn,5014,2021-10-05_13h57.23.274,HCtest,2021.2.3,MacIntel,40,0.263,,,,,,,,,,,,,,,,,
,,,,return,0,,0.317,0,14,14,14,1,rktneleal,tallerken,5014,2021-10-05_13h57.23.274,HCtest,2021.2.3,MacIntel,40,0.293,,,,,,,,,,,,,,,,,
,,,,return,0,,0.35,0,15,15,15,1,vkadato,advokat,5014,2021-10-05_13h57.23.274,HCtest,2021.2.3,MacIntel,40,0.328,,,,,,,,,,,,,,,,,
,,,,,,,1.54,,,,,,,,5014,2021-10-05_13h57.23.274,HCtest,2021.2.3,MacIntel,40,,return,5.011,return,3.185,g,0,1.501,,0,0,0,7,1,Slide10.png,b,,
,,,,,,,0.105,,,,,,,,5014,2021-10-05_13h57.23.274,HCtest,2021.2.3,MacIntel,40,,,,,,e,0,0.065,,0,1,1,6,1,Slide9.png,f,,
,,,,,,,0.421,,,,,,,,5014,2021-10-05_13h57.23.274,HCtest,2021.2.3,MacIntel,40,,,,,,g,0,0.386,,0,2,2,3,1,Slide6.png,h,,
,,,,,,,0.125,,,,,,,,5014,2021-10-05_13h57.23.274,HCtest,2021.2.3,MacIntel,40,,,,,,e,0,0.08,,0,3,3,5,1,Slide8.png,h,,
,,,,,,,0.101,,,,,,,,5014,2021-10-05_13h57.23.274,HCtest,2021.2.3,MacIntel,40,,,,,,g,0,0.064,,0,4,4,4,1,Slide7.png,e,,
,,,,,,,0.213,,,,,,,,5014,2021-10-05_13h57.23.274,HCtest,2021.2.3,MacIntel,40,,,,,,e,0,0.177,,0,5,5,2,1,Slide5.png,d,,
,,,,,,,0.133,,,,,,,,5014,2021-10-05_13h57.23.274,HCtest,2021.2.3,MacIntel,40,,,,,,g,0,0.096,,0,6,6,0,1,Slide3.png,d,,
,,,,,,,0.117,,,,,,,,5014,2021-10-05_13h57.23.274,HCtest,2021.2.3,MacIntel,40,,,,,,e,0,0.08,,0,7,7,1,1,Slide4.png,g,,
,,,,,,,,,,,,,,,5014,2021-10-05_13h57.23.274,HCtest,2021.2.3,MacIntel,40,,,,,,,,,,,,,,,,,return,0.915
