﻿key_resp.keys,key_resp.rt,key_resp_4.keys,key_resp_4.rt,key_resp_2.keys,key_resp_2.corr,anagram_answer,RT,trials.thisRepN,trials.thisTrialN,trials.thisN,trials.thisIndex,trials.ran,anagrams,correct,id,date,expName,psychopyVersion,OS,frameRate,key_resp_2.rt,anaEndEnter.keys,anaEndEnter.rt,key_resp_3.keys,key_resp_3.rt,IQresponse.keys,IQresponse.corr,IQresponse.rt,IQpass.keys,trials_2.thisRepN,trials_2.thisTrialN,trials_2.thisN,trials_2.thisIndex,trials_2.ran,options,CorrectIQ,IQpass.rt,key_resp_5.keys,key_resp_5.rt
return,26.9848,return,28.4207,,0,,0.0005,0,0,0,0,1,remove,REMOVE,6338,2021-10-15_19h57.55.396,HCtest,2021.2.3,MacIntel,59.99880002,,,,,,,,,,,,,,,,,,,
,,,,return,0,drivhus,11.2397,0,1,1,1,1,shdvrui,drivhus,6338,2021-10-15_19h57.55.396,HCtest,2021.2.3,MacIntel,59.99880002,11.2182,,,,,,,,,,,,,,,,,,
,,,,return,0,,108.4059,0,2,2,2,1,jasekatn,kastanje,6338,2021-10-15_19h57.55.396,HCtest,2021.2.3,MacIntel,59.99880002,108.3901,,,,,,,,,,,,,,,,,,
,,,,return,0,,46.828,0,3,3,3,1,hmoodwse,modeshow,6338,2021-10-15_19h57.55.396,HCtest,2021.2.3,MacIntel,59.99880002,46.8156,,,,,,,,,,,,,,,,,,
,,,,return,0,soldate,77.0432,0,4,4,4,1,edolsat,unsolve,6338,2021-10-15_19h57.55.396,HCtest,2021.2.3,MacIntel,59.99880002,77.0343,,,,,,,,,,,,,,,,,,
,,,,return,0,eksemnen,25.0401,0,5,5,5,1,esmeknen,menneske,6338,2021-10-15_19h57.55.396,HCtest,2021.2.3,MacIntel,59.99880002,25.0268,,,,,,,,,,,,,,,,,,
,,,,return,0,familie,16.5519,0,6,6,6,1,imafeil,familie,6338,2021-10-15_19h57.55.396,HCtest,2021.2.3,MacIntel,59.99880002,16.5344,,,,,,,,,,,,,,,,,,
,,,,return,0,philatos,32.9955,0,7,7,7,1,ptilaosh,hospital,6338,2021-10-15_19h57.55.396,HCtest,2021.2.3,MacIntel,59.99880002,32.9746,,,,,,,,,,,,,,,,,,
,,,,return,0,penislap,29.5182,0,8,8,8,1,anisplep,appelsin,6338,2021-10-15_19h57.55.396,HCtest,2021.2.3,MacIntel,59.99880002,29.5046,,,,,,,,,,,,,,,,,,
,,,,return,0,,135.7994,0,9,9,9,1,fdteakor,unsolve,6338,2021-10-15_19h57.55.396,HCtest,2021.2.3,MacIntel,59.99880002,135.7809,,,,,,,,,,,,,,,,,,
,,,,return,0,kaptajn,15.0534,0,10,10,10,1,ptajakn,kaptajn,6338,2021-10-15_19h57.55.396,HCtest,2021.2.3,MacIntel,59.99880002,15.0395,,,,,,,,,,,,,,,,,,
,,,,return,0,,130.9299,0,11,11,11,1,iovkonmr,mikroovn,6338,2021-10-15_19h57.55.396,HCtest,2021.2.3,MacIntel,59.99880002,130.9206,,,,,,,,,,,,,,,,,,
,,,,return,0,grafioto,60.1556,0,12,12,12,1,agotfiorf,fotografi,6338,2021-10-15_19h57.55.396,HCtest,2021.2.3,MacIntel,59.99880002,60.1392,,,,,,,,,,,,,,,,,,
,,,,return,0,,85.6119,0,13,13,13,1,apniggncmvo,campingvogn,6338,2021-10-15_19h57.55.396,HCtest,2021.2.3,MacIntel,59.99880002,85.6021,,,,,,,,,,,,,,,,,,
,,,,return,0,allekrent,132.6441,0,14,14,14,1,rktneleal,tallerken,6338,2021-10-15_19h57.55.396,HCtest,2021.2.3,MacIntel,59.99880002,132.631,,,,,,,,,,,,,,,,,,
,,,,return,0,advokat,37.1306,0,15,15,15,1,vkadato,advokat,6338,2021-10-15_19h57.55.396,HCtest,2021.2.3,MacIntel,59.99880002,37.1113,,,,,,,,,,,,,,,,,,
,,,,,,,172.2944,,,,,,,,6338,2021-10-15_19h57.55.396,HCtest,2021.2.3,MacIntel,59.99880002,,return,4.5469,return,26.5549,h,0,172.2541,,0,0,0,6,1,Slide9.png,f,,,
,,,,,,,79.6091,,,,,,,,6338,2021-10-15_19h57.55.396,HCtest,2021.2.3,MacIntel,59.99880002,,,,,,a,0,79.5704,,0,1,1,3,1,Slide6.png,h,,,
,,,,,,,22.7899,,,,,,,,6338,2021-10-15_19h57.55.396,HCtest,2021.2.3,MacIntel,59.99880002,,,,,,d,1,22.7488,,0,2,2,2,1,Slide5.png,d,,,
,,,,,,,61.0594,,,,,,,,6338,2021-10-15_19h57.55.396,HCtest,2021.2.3,MacIntel,59.99880002,,,,,,d,1,61.0255,,0,3,3,0,1,Slide3.png,d,,,
,,,,,,,72.7263,,,,,,,,6338,2021-10-15_19h57.55.396,HCtest,2021.2.3,MacIntel,59.99880002,,,,,,a,0,72.6925,,0,4,4,4,1,Slide7.png,e,,,
,,,,,,,17.3796,,,,,,,,6338,2021-10-15_19h57.55.396,HCtest,2021.2.3,MacIntel,59.99880002,,,,,,,0,,return,0,5,5,5,1,Slide8.png,h,17.3361,,
,,,,,,,37.5968,,,,,,,,6338,2021-10-15_19h57.55.396,HCtest,2021.2.3,MacIntel,59.99880002,,,,,,,0,,return,0,6,6,1,1,Slide4.png,g,37.5558,,
,,,,,,,16.7568,,,,,,,,6338,2021-10-15_19h57.55.396,HCtest,2021.2.3,MacIntel,59.99880002,,,,,,f,0,16.7153,,0,7,7,7,1,Slide10.png,b,,,
,,,,,,,,,,,,,,,6338,2021-10-15_19h57.55.396,HCtest,2021.2.3,MacIntel,59.99880002,,,,,,,,,,,,,,,,,,return,11.05
