﻿key_resp.keys,key_resp.rt,key_resp_4.keys,key_resp_4.rt,key_resp_2.keys,key_resp_2.corr,anagram_answer,RT,trials.thisRepN,trials.thisTrialN,trials.thisN,trials.thisIndex,trials.ran,anagrams,correct,id,date,expName,psychopyVersion,OS,frameRate,key_resp_2.rt,anaEndEnter.keys,anaEndEnter.rt,key_resp_3.keys,key_resp_3.rt,IQresponse.keys,IQresponse.corr,IQresponse.rt,IQpass.keys,trials_2.thisRepN,trials_2.thisTrialN,trials_2.thisN,trials_2.thisIndex,trials_2.ran,options,CorrectIQ,IQpass.rt,key_resp_5.keys,key_resp_5.rt
return,16.455,return,19.913,,0,,0.001,0,0,0,0,1,remove,REMOVE,8727,2021-11-01_13h28.00,HCtest,2021.2.3,MacIntel,58.82352941,,,,,,,,,,,,,,,,,,,
,,,,return,0,drivhus,23.692,0,1,1,1,1,shdvrui,drivhus,8727,2021-11-01_13h28.00,HCtest,2021.2.3,MacIntel,58.82352941,23.651,,,,,,,,,,,,,,,,,,
,,,,return,0,,70.087,0,2,2,2,1,jasekatn,kastanje,8727,2021-11-01_13h28.00,HCtest,2021.2.3,MacIntel,58.82352941,70.066,,,,,,,,,,,,,,,,,,
,,,,return,0,,50.718,0,3,3,3,1,hmoodwse,modeshow,8727,2021-11-01_13h28.00,HCtest,2021.2.3,MacIntel,58.82352941,50.702,,,,,,,,,,,,,,,,,,
,,,,return,0,,116.19,0,4,4,4,1,edolsat,unsolve,8727,2021-11-01_13h28.00,HCtest,2021.2.3,MacIntel,58.82352941,116.171,,,,,,,,,,,,,,,,,,
,,,,return,0,meskenen,63.803,0,5,5,5,1,esmeknen,menneske,8727,2021-11-01_13h28.00,HCtest,2021.2.3,MacIntel,58.82352941,63.78,,,,,,,,,,,,,,,,,,
,,,,return,0,,35.952,0,6,6,6,1,imafeil,familie,8727,2021-11-01_13h28.00,HCtest,2021.2.3,MacIntel,58.82352941,35.93,,,,,,,,,,,,,,,,,,
,,,,return,0,,47.318,0,7,7,7,1,ptilaosh,hospital,8727,2021-11-01_13h28.00,HCtest,2021.2.3,MacIntel,58.82352941,47.296,,,,,,,,,,,,,,,,,,
,,,,return,0,appelsin,113.425,0,8,8,8,1,anisplep,appelsin,8727,2021-11-01_13h28.00,HCtest,2021.2.3,MacIntel,58.82352941,113.405,,,,,,,,,,,,,,,,,,
,,,,return,0,,133.042,0,9,9,9,1,fdteakor,unsolve,8727,2021-11-01_13h28.00,HCtest,2021.2.3,MacIntel,58.82352941,133.032,,,,,,,,,,,,,,,,,,
,,,,return,0,kaptajn,23.185,0,10,10,10,1,ptajakn,kaptajn,8727,2021-11-01_13h28.00,HCtest,2021.2.3,MacIntel,58.82352941,23.167,,,,,,,,,,,,,,,,,,
,,,,return,0,,110.039,0,11,11,11,1,iovkonmr,mikroovn,8727,2021-11-01_13h28.00,HCtest,2021.2.3,MacIntel,58.82352941,110.026,,,,,,,,,,,,,,,,,,
,,,,return,0,,45.519,0,12,12,12,1,agotfiorf,fotografi,8727,2021-11-01_13h28.00,HCtest,2021.2.3,MacIntel,58.82352941,45.498,,,,,,,,,,,,,,,,,,
,,,,return,0,campingvogn,37.086,0,13,13,13,1,apniggncmvo,campingvogn,8727,2021-11-01_13h28.00,HCtest,2021.2.3,MacIntel,58.82352941,37.062,,,,,,,,,,,,,,,,,,
,,,,return,0,,83.189,0,14,14,14,1,rktneleal,tallerken,8727,2021-11-01_13h28.00,HCtest,2021.2.3,MacIntel,58.82352941,83.169,,,,,,,,,,,,,,,,,,
,,,,return,0,advokat,23.733,0,15,15,15,1,vkadato,advokat,8727,2021-11-01_13h28.00,HCtest,2021.2.3,MacIntel,58.82352941,23.716,,,,,,,,,,,,,,,,,,
,,,,,,,61.438,,,,,,,,8727,2021-11-01_13h28.00,HCtest,2021.2.3,MacIntel,58.82352941,,return,4.445,return,16.054,d,1,61.38,,0,0,0,0,1,Slide3.png,d,,,
,,,,,,,21.3,,,,,,,,8727,2021-11-01_13h28.00,HCtest,2021.2.3,MacIntel,58.82352941,,,,,,d,1,21.24,,0,1,1,2,1,Slide5.png,d,,,
,,,,,,,48.136,,,,,,,,8727,2021-11-01_13h28.00,HCtest,2021.2.3,MacIntel,58.82352941,,,,,,e,1,48.076,,0,2,2,4,1,Slide7.png,e,,,
,,,,,,,14.501,,,,,,,,8727,2021-11-01_13h28.00,HCtest,2021.2.3,MacIntel,58.82352941,,,,,,,0,,return,0,3,3,5,1,Slide8.png,h,14.451,,
,,,,,,,18.933,,,,,,,,8727,2021-11-01_13h28.00,HCtest,2021.2.3,MacIntel,58.82352941,,,,,,,0,,return,0,4,4,7,1,Slide10.png,b,18.88,,
,,,,,,,23.051,,,,,,,,8727,2021-11-01_13h28.00,HCtest,2021.2.3,MacIntel,58.82352941,,,,,,,0,,return,0,5,5,1,1,Slide4.png,g,22.996,,
,,,,,,,18.918,,,,,,,,8727,2021-11-01_13h28.00,HCtest,2021.2.3,MacIntel,58.82352941,,,,,,,0,,return,0,6,6,3,1,Slide6.png,h,18.862,,
,,,,,,,18.218,,,,,,,,8727,2021-11-01_13h28.00,HCtest,2021.2.3,MacIntel,58.82352941,,,,,,,0,,return,0,7,7,6,1,Slide9.png,f,18.16,,
,,,,,,,,,,,,,,,8727,2021-11-01_13h28.00,HCtest,2021.2.3,MacIntel,58.82352941,,,,,,,,,,,,,,,,,,return,11.992
