﻿key_resp.keys,key_resp.rt,key_resp_4.keys,key_resp_4.rt,key_resp_2.keys,key_resp_2.corr,anagram_answer,RT,trials.thisRepN,trials.thisTrialN,trials.thisN,trials.thisIndex,trials.ran,anagrams,correct,id,date,expName,psychopyVersion,OS,frameRate,key_resp_2.rt
return,16.291,return,16.348,,0,,0,0,0,0,0,1,remove,REMOVE,731,2021-10-22_11h33.33.197,HCtest,2021.2.3,MacIntel,62.5,
,,,,return,0,,24.615,0,1,1,1,1,shdvrui,drivhus,731,2021-10-22_11h33.33.197,HCtest,2021.2.3,MacIntel,62.5,24.586
,,,,return,0,,37.332,0,2,2,2,1,jasekatn,kastanje,731,2021-10-22_11h33.33.197,HCtest,2021.2.3,MacIntel,62.5,37.315
,,,,return,0,,14.715,0,3,3,3,1,hmoodwse,modeshow,731,2021-10-22_11h33.33.197,HCtest,2021.2.3,MacIntel,62.5,14.689
