﻿key_resp.keys,key_resp.rt,key_resp_4.keys,key_resp_4.rt,key_resp_2.keys,key_resp_2.corr,anagram_answer,RT,trials.thisRepN,trials.thisTrialN,trials.thisN,trials.thisIndex,trials.ran,anagrams,correct,id,date,expName,psychopyVersion,OS,frameRate,key_resp_2.rt,anaEndEnter.keys,anaEndEnter.rt,key_resp_3.keys,key_resp_3.rt,IQresponse.keys,IQresponse.corr,IQresponse.rt,IQpass.keys,trials_2.thisRepN,trials_2.thisTrialN,trials_2.thisN,trials_2.thisIndex,trials_2.ran,options,CorrectIQ,key_resp_5.keys,key_resp_5.rt
return,32.525,return,25.404,,0,,0,0,0,0,0,1,remove,REMOVE,515,2021-11-12_08h53.17.080,HCtest,2021.2.3,MacIntel,58.82352941,,,,,,,,,,,,,,,,,,
,,,,return,0,,81.637,0,1,1,1,1,shdvrui,drivhus,515,2021-11-12_08h53.17.080,HCtest,2021.2.3,MacIntel,58.82352941,81.624,,,,,,,,,,,,,,,,,
,,,,return,0,kastanje,40.232,0,2,2,2,1,jasekatn,kastanje,515,2021-11-12_08h53.17.080,HCtest,2021.2.3,MacIntel,58.82352941,40.21,,,,,,,,,,,,,,,,,
,,,,return,0,,72.5,0,3,3,3,1,hmoodwse,modeshow,515,2021-11-12_08h53.17.080,HCtest,2021.2.3,MacIntel,58.82352941,72.476,,,,,,,,,,,,,,,,,
,,,,return,0,,89.9,0,4,4,4,1,edolsat,unsolve,515,2021-11-12_08h53.17.080,HCtest,2021.2.3,MacIntel,58.82352941,89.891,,,,,,,,,,,,,,,,,
,,,,return,0,,84.684,0,5,5,5,1,esmeknen,menneske,515,2021-11-12_08h53.17.080,HCtest,2021.2.3,MacIntel,58.82352941,84.676,,,,,,,,,,,,,,,,,
,,,,return,0,familie,14.516,0,6,6,6,1,imafeil,familie,515,2021-11-12_08h53.17.080,HCtest,2021.2.3,MacIntel,58.82352941,14.493,,,,,,,,,,,,,,,,,
,,,,return,0,,63.734,0,7,7,7,1,ptilaosh,hospital,515,2021-11-12_08h53.17.080,HCtest,2021.2.3,MacIntel,58.82352941,63.719,,,,,,,,,,,,,,,,,
,,,,return,0,pinapples,75.966,0,8,8,8,1,anisplep,appelsin,515,2021-11-12_08h53.17.080,HCtest,2021.2.3,MacIntel,58.82352941,75.944,,,,,,,,,,,,,,,,,
,,,,return,0,,91.801,0,9,9,9,1,fdteakor,unsolve,515,2021-11-12_08h53.17.080,HCtest,2021.2.3,MacIntel,58.82352941,91.775,,,,,,,,,,,,,,,,,
,,,,return,0,kaptajn,12.683,0,10,10,10,1,ptajakn,kaptajn,515,2021-11-12_08h53.17.080,HCtest,2021.2.3,MacIntel,58.82352941,12.664,,,,,,,,,,,,,,,,,
,,,,return,0,mikroovn,99.719,0,11,11,11,1,iovkonmr,mikroovn,515,2021-11-12_08h53.17.080,HCtest,2021.2.3,MacIntel,58.82352941,99.695,,,,,,,,,,,,,,,,,
,,,,return,0,,81.85,0,12,12,12,1,agotfiorf,fotografi,515,2021-11-12_08h53.17.080,HCtest,2021.2.3,MacIntel,58.82352941,81.838,,,,,,,,,,,,,,,,,
,,,,return,0,,61.517,0,13,13,13,1,apniggncmvo,campingvogn,515,2021-11-12_08h53.17.080,HCtest,2021.2.3,MacIntel,58.82352941,61.499,,,,,,,,,,,,,,,,,
,,,,return,0,,146.402,0,14,14,14,1,rktneleal,tallerken,515,2021-11-12_08h53.17.080,HCtest,2021.2.3,MacIntel,58.82352941,146.383,,,,,,,,,,,,,,,,,
,,,,return,0,advokat,13.799,0,15,15,15,1,vkadato,advokat,515,2021-11-12_08h53.17.080,HCtest,2021.2.3,MacIntel,58.82352941,13.79,,,,,,,,,,,,,,,,,
,,,,,,,250.994,,,,,,,,515,2021-11-12_08h53.17.080,HCtest,2021.2.3,MacIntel,58.82352941,,return,5.192,return,19.188,a,0,250.974,,0,0,0,1,1,Slide4.png,g,,
,,,,,,,32.015,,,,,,,,515,2021-11-12_08h53.17.080,HCtest,2021.2.3,MacIntel,58.82352941,,,,,,b,0,31.972,,0,1,1,0,1,Slide3.png,d,,
,,,,,,,207.404,,,,,,,,515,2021-11-12_08h53.17.080,HCtest,2021.2.3,MacIntel,58.82352941,,,,,,f,0,207.37,,0,2,2,4,1,Slide7.png,e,,
,,,,,,,179.771,,,,,,,,515,2021-11-12_08h53.17.080,HCtest,2021.2.3,MacIntel,58.82352941,,,,,,h,1,179.727,,0,3,3,5,1,Slide8.png,h,,
,,,,,,,57.933,,,,,,,,515,2021-11-12_08h53.17.080,HCtest,2021.2.3,MacIntel,58.82352941,,,,,,a,0,57.89,,0,4,4,6,1,Slide9.png,f,,
,,,,,,,61.017,,,,,,,,515,2021-11-12_08h53.17.080,HCtest,2021.2.3,MacIntel,58.82352941,,,,,,a,0,60.981,,0,5,5,2,1,Slide5.png,d,,
,,,,,,,138.17,,,,,,,,515,2021-11-12_08h53.17.080,HCtest,2021.2.3,MacIntel,58.82352941,,,,,,g,0,138.147,,0,6,6,3,1,Slide6.png,h,,
,,,,,,,249.988,,,,,,,,515,2021-11-12_08h53.17.080,HCtest,2021.2.3,MacIntel,58.82352941,,,,,,g,0,249.949,,0,7,7,7,1,Slide10.png,b,,
,,,,,,,,,,,,,,,515,2021-11-12_08h53.17.080,HCtest,2021.2.3,MacIntel,58.82352941,,,,,,,,,,,,,,,,,return,26.821
