﻿key_resp.keys,key_resp.rt,key_resp_4.keys,key_resp_4.rt,key_resp_2.keys,key_resp_2.corr,anagram_answer,RT,trials.thisRepN,trials.thisTrialN,trials.thisN,trials.thisIndex,trials.ran,anagrams,correct,id,date,expName,psychopyVersion,OS,frameRate,key_resp_2.rt
return,2.6366,return,9.5411,,0,,0.0005,0,0,0,0,1,remove,REMOVE,11444,2021-10-28_11h39.05.161,HCtest,2021.2.3,MacIntel,60.0024001,
,,,,return,0,,8.1329,0,1,1,1,1,shdvrui,drivhus,11444,2021-10-28_11h39.05.161,HCtest,2021.2.3,MacIntel,60.0024001,8.0907
,,,,return,0,,2.93,0,2,2,2,1,jasekatn,kastanje,11444,2021-10-28_11h39.05.161,HCtest,2021.2.3,MacIntel,60.0024001,2.9074
,,,,return,0,,0.4993,0,3,3,3,1,hmoodwse,modeshow,11444,2021-10-28_11h39.05.161,HCtest,2021.2.3,MacIntel,60.0024001,0.4745
,,,,return,0,,0.2982,0,4,4,4,1,edolsat,unsolve,11444,2021-10-28_11h39.05.161,HCtest,2021.2.3,MacIntel,60.0024001,0.2793
,,,,return,0,,0.1818,0,5,5,5,1,esmeknen,menneske,11444,2021-10-28_11h39.05.161,HCtest,2021.2.3,MacIntel,60.0024001,0.159
,,,,return,0,,0.1671,0,6,6,6,1,imafeil,familie,11444,2021-10-28_11h39.05.161,HCtest,2021.2.3,MacIntel,60.0024001,0.1411
,,,,return,0,,0.1305,0,7,7,7,1,ptilaosh,hospital,11444,2021-10-28_11h39.05.161,HCtest,2021.2.3,MacIntel,60.0024001,0.1153
,,,,return,0,,0.2502,0,8,8,8,1,anisplep,appelsin,11444,2021-10-28_11h39.05.161,HCtest,2021.2.3,MacIntel,60.0024001,0.2382
,,,,return,0,,0.1487,0,9,9,9,1,fdteakor,unsolve,11444,2021-10-28_11h39.05.161,HCtest,2021.2.3,MacIntel,60.0024001,0.1243
,,,,return,0,,0.1813,0,10,10,10,1,ptajakn,kaptajn,11444,2021-10-28_11h39.05.161,HCtest,2021.2.3,MacIntel,60.0024001,0.1601
,,,,return,0,,0.0821,0,11,11,11,1,iovkonmr,mikroovn,11444,2021-10-28_11h39.05.161,HCtest,2021.2.3,MacIntel,60.0024001,0.0606
,,,,return,0,,0.282,0,12,12,12,1,agotfiorf,fotografi,11444,2021-10-28_11h39.05.161,HCtest,2021.2.3,MacIntel,60.0024001,0.2598
,,,,return,0,,0.1656,0,13,13,13,1,apniggncmvo,campingvogn,11444,2021-10-28_11h39.05.161,HCtest,2021.2.3,MacIntel,60.0024001,0.1481
,,,,return,0,,0.1837,0,14,14,14,1,rktneleal,tallerken,11444,2021-10-28_11h39.05.161,HCtest,2021.2.3,MacIntel,60.0024001,0.1665
,,,,return,0,,0.1644,0,15,15,15,1,vkadato,advokat,11444,2021-10-28_11h39.05.161,HCtest,2021.2.3,MacIntel,60.0024001,0.1419
