﻿key_resp.keys,key_resp.rt,key_resp_4.keys,key_resp_4.rt,key_resp_2.keys,key_resp_2.corr,anagram_answer,RT,trials.thisRepN,trials.thisTrialN,trials.thisN,trials.thisIndex,trials.ran,anagrams,correct,id,date,expName,psychopyVersion,OS,frameRate,key_resp_2.rt,anaEndEnter.keys,anaEndEnter.rt,key_resp_3.keys,key_resp_3.rt,IQresponse.keys,IQresponse.corr,IQpass.keys,IQpass.rt,trials_2.thisRepN,trials_2.thisTrialN,trials_2.thisN,trials_2.thisIndex,trials_2.ran,options,CorrectIQ,IQresponse.rt,key_resp_5.keys,key_resp_5.rt
return,15.996,return,20.635,,0,,0,0,0,0,0,1,remove,REMOVE,8657,2021-10-20_13h17.13.595,HCtest,2021.2.3,MacIntel,58.82352941,,,,,,,,,,,,,,,,,,,
,,,,return,0,,123.607,0,1,1,1,1,shdvrui,drivhus,8657,2021-10-20_13h17.13.595,HCtest,2021.2.3,MacIntel,58.82352941,123.591,,,,,,,,,,,,,,,,,,
,,,,return,0,,113.935,0,2,2,2,1,jasekatn,kastanje,8657,2021-10-20_13h17.13.595,HCtest,2021.2.3,MacIntel,58.82352941,113.911,,,,,,,,,,,,,,,,,,
,,,,return,0,whodomesh,52.416,0,3,3,3,1,hmoodwse,modeshow,8657,2021-10-20_13h17.13.595,HCtest,2021.2.3,MacIntel,58.82352941,52.395,,,,,,,,,,,,,,,,,,
,,,,return,0,,86.386,0,4,4,4,1,edolsat,unsolve,8657,2021-10-20_13h17.13.595,HCtest,2021.2.3,MacIntel,58.82352941,86.365,,,,,,,,,,,,,,,,,,
,,,,return,0,menneske,7.332,0,5,5,5,1,esmeknen,menneske,8657,2021-10-20_13h17.13.595,HCtest,2021.2.3,MacIntel,58.82352941,7.321,,,,,,,,,,,,,,,,,,
,,,,return,0,familie,82.985,0,6,6,6,1,imafeil,familie,8657,2021-10-20_13h17.13.595,HCtest,2021.2.3,MacIntel,58.82352941,82.959,,,,,,,,,,,,,,,,,,
,,,,return,0,hospital,76.451,0,7,7,7,1,ptilaosh,hospital,8657,2021-10-20_13h17.13.595,HCtest,2021.2.3,MacIntel,58.82352941,76.429,,,,,,,,,,,,,,,,,,
,,,,return,0,anslippe,188.187,0,8,8,8,1,anisplep,appelsin,8657,2021-10-20_13h17.13.595,HCtest,2021.2.3,MacIntel,58.82352941,188.168,,,,,,,,,,,,,,,,,,
,,,,return,0,kortefad,111.202,0,9,9,9,1,fdteakor,unsolve,8657,2021-10-20_13h17.13.595,HCtest,2021.2.3,MacIntel,58.82352941,111.178,,,,,,,,,,,,,,,,,,
,,,,return,0,,89.101,0,10,10,10,1,ptajakn,kaptajn,8657,2021-10-20_13h17.13.595,HCtest,2021.2.3,MacIntel,58.82352941,89.077,,,,,,,,,,,,,,,,,,
,,,,return,0,,71.067,0,11,11,11,1,iovkonmr,mikroovn,8657,2021-10-20_13h17.13.595,HCtest,2021.2.3,MacIntel,58.82352941,71.049,,,,,,,,,,,,,,,,,,
,,,,return,0,,93.166,0,12,12,12,1,agotfiorf,fotografi,8657,2021-10-20_13h17.13.595,HCtest,2021.2.3,MacIntel,58.82352941,93.148,,,,,,,,,,,,,,,,,,
,,,,return,0,,27.517,0,13,13,13,1,apniggncmvo,campingvogn,8657,2021-10-20_13h17.13.595,HCtest,2021.2.3,MacIntel,58.82352941,27.494,,,,,,,,,,,,,,,,,,
,,,,return,0,kanterel,101.284,0,14,14,14,1,rktneleal,tallerken,8657,2021-10-20_13h17.13.595,HCtest,2021.2.3,MacIntel,58.82352941,101.273,,,,,,,,,,,,,,,,,,
,,,,return,0,advokat,89.866,0,15,15,15,1,vkadato,advokat,8657,2021-10-20_13h17.13.595,HCtest,2021.2.3,MacIntel,58.82352941,89.849,,,,,,,,,,,,,,,,,,
,,,,,,,76.251,,,,,,,,8657,2021-10-20_13h17.13.595,HCtest,2021.2.3,MacIntel,58.82352941,,return,2.882,return,13.822,,0,return,76.218,0,0,0,5,1,Slide8.png,h,,,
,,,,,,,17.981,,,,,,,,8657,2021-10-20_13h17.13.595,HCtest,2021.2.3,MacIntel,58.82352941,,,,,,e,0,,,0,1,1,7,1,Slide10.png,b,17.934,,
,,,,,,,48.417,,,,,,,,8657,2021-10-20_13h17.13.595,HCtest,2021.2.3,MacIntel,58.82352941,,,,,,,0,return,48.382,0,2,2,3,1,Slide6.png,h,,,
,,,,,,,8.732,,,,,,,,8657,2021-10-20_13h17.13.595,HCtest,2021.2.3,MacIntel,58.82352941,,,,,,a,0,,,0,3,3,0,1,Slide3.png,d,8.686,,
,,,,,,,1.899,,,,,,,,8657,2021-10-20_13h17.13.595,HCtest,2021.2.3,MacIntel,58.82352941,,,,,,d,0,,,0,4,4,1,1,Slide4.png,g,1.852,,
,,,,,,,3.699,,,,,,,,8657,2021-10-20_13h17.13.595,HCtest,2021.2.3,MacIntel,58.82352941,,,,,,f,0,,,0,5,5,2,1,Slide5.png,d,3.656,,
,,,,,,,2.749,,,,,,,,8657,2021-10-20_13h17.13.595,HCtest,2021.2.3,MacIntel,58.82352941,,,,,,f,0,,,0,6,6,4,1,Slide7.png,e,2.711,,
,,,,,,,2.449,,,,,,,,8657,2021-10-20_13h17.13.595,HCtest,2021.2.3,MacIntel,58.82352941,,,,,,g,0,,,0,7,7,6,1,Slide9.png,f,2.408,,
,,,,,,,,,,,,,,,8657,2021-10-20_13h17.13.595,HCtest,2021.2.3,MacIntel,58.82352941,,,,,,,,,,,,,,,,,,return,3.742
