﻿key_resp.keys,key_resp.rt,key_resp_4.keys,key_resp_4.rt,key_resp_2.keys,key_resp_2.corr,anagram_answer,RT,trials.thisRepN,trials.thisTrialN,trials.thisN,trials.thisIndex,trials.ran,anagrams,correct,id,date,expName,psychopyVersion,OS,frameRate,key_resp_2.rt
return,3.7871,return,2.1332,,0,,0.0003,0,0,0,0,1,remove,REMOVE,17195,2021-10-28_22h28.05.502,HCtest,2021.2.3,MacIntel,59.99880002,
,,,,return,0,drivhus,145.0454,0,1,1,1,1,shdvrui,drivhus,17195,2021-10-28_22h28.05.502,HCtest,2021.2.3,MacIntel,59.99880002,145.0209
,,,,return,0,kastanje,265.2712,0,2,2,2,1,jasekatn,kastanje,17195,2021-10-28_22h28.05.502,HCtest,2021.2.3,MacIntel,59.99880002,265.2561
,,,,return,0,modeshow,57.2245,0,3,3,3,1,hmoodwse,modeshow,17195,2021-10-28_22h28.05.502,HCtest,2021.2.3,MacIntel,59.99880002,57.2105
,,,,return,0,rshiftrshift,3328.6847,0,4,4,4,1,edolsat,unsolve,17195,2021-10-28_22h28.05.502,HCtest,2021.2.3,MacIntel,59.99880002,3328.6647
