﻿key_resp.keys,key_resp.rt,key_resp_4.keys,key_resp_4.rt,key_resp_2.keys,key_resp_2.corr,anagram_answer,RT,trials.thisRepN,trials.thisTrialN,trials.thisN,trials.thisIndex,trials.ran,anagrams,correct,id,date,expName,psychopyVersion,OS,frameRate,key_resp_2.rt,anaEndEnter.keys,anaEndEnter.rt,key_resp_3.keys,key_resp_3.rt,IQresponse.keys,IQresponse.corr,IQresponse.rt,IQpass.keys,trials_2.thisRepN,trials_2.thisTrialN,trials_2.thisN,trials_2.thisIndex,trials_2.ran,options,CorrectIQ,key_resp_5.keys,key_resp_5.rt
return,3.881,return,13.663,,0,,0,0,0,0,0,1,remove,REMOVE,15870,2021-10-04_14h32.56.777,HCtest,2021.2.3,MacIntel,40,,,,,,,,,,,,,,,,,,
,,,,return,0,d,3.3,0,1,1,1,1,shdvrui,drivhus,15870,2021-10-04_14h32.56.777,HCtest,2021.2.3,MacIntel,40,3.25,,,,,,,,,,,,,,,,,
,,,,return,0,ja,1.364,0,2,2,2,1,jasekatn,kastanje,15870,2021-10-04_14h32.56.777,HCtest,2021.2.3,MacIntel,40,1.334,,,,,,,,,,,,,,,,,
,,,,return,0,mof,1.966,0,3,3,3,1,hmoodwse,modeshow,15870,2021-10-04_14h32.56.777,HCtest,2021.2.3,MacIntel,40,1.934,,,,,,,,,,,,,,,,,
,,,,return,0,dleos,2.082,0,4,4,4,1,edolsat,unsolve,15870,2021-10-04_14h32.56.777,HCtest,2021.2.3,MacIntel,40,2.053,,,,,,,,,,,,,,,,,
,,,,return,0,mesns,1.45,0,5,5,5,1,esmeknen,menneske,15870,2021-10-04_14h32.56.777,HCtest,2021.2.3,MacIntel,40,1.424,,,,,,,,,,,,,,,,,
,,,,return,0,famile,1.582,0,6,6,6,1,imafeil,familie,15870,2021-10-04_14h32.56.777,HCtest,2021.2.3,MacIntel,40,1.552,,,,,,,,,,,,,,,,,
,,,,return,0,hopital,3.017,0,7,7,7,1,ptilaosh,hospital,15870,2021-10-04_14h32.56.777,HCtest,2021.2.3,MacIntel,40,2.99,,,,,,,,,,,,,,,,,
,,,,return,0,anisplep,1.981,0,8,8,8,1,anisplep,appelsin,15870,2021-10-04_14h32.56.777,HCtest,2021.2.3,MacIntel,40,1.951,,,,,,,,,,,,,,,,,
,,,,return,0,fitedek,6.098,0,9,9,9,1,fdteakor,unsolve,15870,2021-10-04_14h32.56.777,HCtest,2021.2.3,MacIntel,40,6.076,,,,,,,,,,,,,,,,,
,,,,return,0,kaptajn,2.066,0,10,10,10,1,ptajakn,kaptajn,15870,2021-10-04_14h32.56.777,HCtest,2021.2.3,MacIntel,40,2.045,,,,,,,,,,,,,,,,,
,,,,return,0,mirkovon,2.399,0,11,11,11,1,iovkonmr,mikroovn,15870,2021-10-04_14h32.56.777,HCtest,2021.2.3,MacIntel,40,2.369,,,,,,,,,,,,,,,,,
,,,,return,0,asfotto,2.233,0,12,12,12,1,agotfiorf,fotografi,15870,2021-10-04_14h32.56.777,HCtest,2021.2.3,MacIntel,40,2.212,,,,,,,,,,,,,,,,,
,,,,return,0,capmping,2.259,0,13,13,13,1,apniggncmvo,campingvogn,15870,2021-10-04_14h32.56.777,HCtest,2021.2.3,MacIntel,40,2.239,,,,,,,,,,,,,,,,,
,,,,return,0,talkksn,2.09,0,14,14,14,1,rktneleal,tallerken,15870,2021-10-04_14h32.56.777,HCtest,2021.2.3,MacIntel,40,2.055,,,,,,,,,,,,,,,,,
,,,,return,0,kadtod,2.531,0,15,15,15,1,vkadato,advokat,15870,2021-10-04_14h32.56.777,HCtest,2021.2.3,MacIntel,40,2.511,,,,,,,,,,,,,,,,,
,,,,,,,6.139,,,,,,,,15870,2021-10-04_14h32.56.777,HCtest,2021.2.3,MacIntel,40,,return,5.114,return,9.564,e,1,6.096,,0,0,0,4,1,Slide7.png,e,,
,,,,,,,0.631,,,,,,,,15870,2021-10-04_14h32.56.777,HCtest,2021.2.3,MacIntel,40,,,,,,e,0,0.592,,0,1,1,2,1,Slide5.png,d,,
,,,,,,,0.498,,,,,,,,15870,2021-10-04_14h32.56.777,HCtest,2021.2.3,MacIntel,40,,,,,,f,0,0.46,,0,2,2,7,1,Slide10.png,b,,
,,,,,,,0.433,,,,,,,,15870,2021-10-04_14h32.56.777,HCtest,2021.2.3,MacIntel,40,,,,,,f,0,0.394,,0,3,3,3,1,Slide6.png,h,,
,,,,,,,0.584,,,,,,,,15870,2021-10-04_14h32.56.777,HCtest,2021.2.3,MacIntel,40,,,,,,a,0,0.543,,0,4,4,5,1,Slide8.png,h,,
,,,,,,,0.517,,,,,,,,15870,2021-10-04_14h32.56.777,HCtest,2021.2.3,MacIntel,40,,,,,,b,0,0.477,,0,5,5,6,1,Slide9.png,f,,
,,,,,,,0.333,,,,,,,,15870,2021-10-04_14h32.56.777,HCtest,2021.2.3,MacIntel,40,,,,,,d,1,0.293,,0,6,6,0,1,Slide3.png,d,,
,,,,,,,1.365,,,,,,,,15870,2021-10-04_14h32.56.777,HCtest,2021.2.3,MacIntel,40,,,,,,g,1,1.326,,0,7,7,1,1,Slide4.png,g,,
,,,,,,,,,,,,,,,15870,2021-10-04_14h32.56.777,HCtest,2021.2.3,MacIntel,40,,,,,,,,,,,,,,,,,return,1.381
