﻿key_resp.keys,key_resp.rt,key_resp_4.keys,key_resp_4.rt,key_resp_2.keys,key_resp_2.corr,anagram_answer,RT,trials.thisRepN,trials.thisTrialN,trials.thisN,trials.thisIndex,trials.ran,anagrams,correct,id,date,expName,psychopyVersion,OS,frameRate,key_resp_2.rt,anaEndEnter.keys,anaEndEnter.rt,key_resp_3.keys,key_resp_3.rt,IQresponse.keys,IQresponse.corr,IQresponse.rt,IQpass.keys,trials_2.thisRepN,trials_2.thisTrialN,trials_2.thisN,trials_2.thisIndex,trials_2.ran,options,CorrectIQ,key_resp_5.keys,key_resp_5.rt
return,373.2888,return,0.4726,,0,,0.0005,0,0,0,0,1,remove,REMOVE,6821,2021-10-07_18h00.03.071,HCtest,2021.2.3,Win32,59.9880024,,,,,,,,,,,,,,,,,,
,,,,return,0,drivhus,18.1648,0,1,1,1,1,shdvrui,drivhus,6821,2021-10-07_18h00.03.071,HCtest,2021.2.3,Win32,59.9880024,18.1321,,,,,,,,,,,,,,,,,
,,,,return,0,kastanje,14.8605,0,2,2,2,1,jasekatn,kastanje,6821,2021-10-07_18h00.03.071,HCtest,2021.2.3,Win32,59.9880024,14.83,,,,,,,,,,,,,,,,,
,,,,return,0,modeshow,4.921,0,3,3,3,1,hmoodwse,modeshow,6821,2021-10-07_18h00.03.071,HCtest,2021.2.3,Win32,59.9880024,4.91,,,,,,,,,,,,,,,,,
,,,,return,0,soldate,145.425,0,4,4,4,1,edolsat,unsolve,6821,2021-10-07_18h00.03.071,HCtest,2021.2.3,Win32,59.9880024,145.4032,,,,,,,,,,,,,,,,,
,,,,return,0,menneske,24.6529,0,5,5,5,1,esmeknen,menneske,6821,2021-10-07_18h00.03.071,HCtest,2021.2.3,Win32,59.9880024,24.6437,,,,,,,,,,,,,,,,,
,,,,return,0,familie,7.7876,0,6,6,6,1,imafeil,familie,6821,2021-10-07_18h00.03.071,HCtest,2021.2.3,Win32,59.9880024,7.764,,,,,,,,,,,,,,,,,
,,,,return,0,hospital,20.4126,0,7,7,7,1,ptilaosh,hospital,6821,2021-10-07_18h00.03.071,HCtest,2021.2.3,Win32,59.9880024,20.3938,,,,,,,,,,,,,,,,,
,,,,return,0,appelsin,11.9421,0,8,8,8,1,anisplep,appelsin,6821,2021-10-07_18h00.03.071,HCtest,2021.2.3,Win32,59.9880024,11.9345,,,,,,,,,,,,,,,,,
,,,,return,0,afkoder,84.2738,0,9,9,9,1,fdteakor,unsolve,6821,2021-10-07_18h00.03.071,HCtest,2021.2.3,Win32,59.9880024,84.2499,,,,,,,,,,,,,,,,,
,,,,return,0,kaptajn,3.7554,0,10,10,10,1,ptajakn,kaptajn,6821,2021-10-07_18h00.03.071,HCtest,2021.2.3,Win32,59.9880024,3.7425,,,,,,,,,,,,,,,,,
,,,,return,0,mikroovn,26.1616,0,11,11,11,1,iovkonmr,mikroovn,6821,2021-10-07_18h00.03.071,HCtest,2021.2.3,Win32,59.9880024,26.1552,,,,,,,,,,,,,,,,,
,,,,return,0,fotografi,21.3784,0,12,12,12,1,agotfiorf,fotografi,6821,2021-10-07_18h00.03.071,HCtest,2021.2.3,Win32,59.9880024,21.3583,,,,,,,,,,,,,,,,,
,,,,return,0,campingvogn,36.3664,0,13,13,13,1,apniggncmvo,campingvogn,6821,2021-10-07_18h00.03.071,HCtest,2021.2.3,Win32,59.9880024,36.3566,,,,,,,,,,,,,,,,,
,,,,return,0,tallerken,19.729,0,14,14,14,1,rktneleal,tallerken,6821,2021-10-07_18h00.03.071,HCtest,2021.2.3,Win32,59.9880024,19.7105,,,,,,,,,,,,,,,,,
,,,,return,0,advokato,5.0043,0,15,15,15,1,vkadato,advokat,6821,2021-10-07_18h00.03.071,HCtest,2021.2.3,Win32,59.9880024,4.9909,,,,,,,,,,,,,,,,,
,,,,,,,37.4413,,,,,,,,6821,2021-10-07_18h00.03.071,HCtest,2021.2.3,Win32,59.9880024,,return,1.7809,return,0.5356,f,0,37.3126,,0,0,0,7,1,Slide10.png,b,,
,,,,,,,21.8266,,,,,,,,6821,2021-10-07_18h00.03.071,HCtest,2021.2.3,Win32,59.9880024,,,,,,g,0,21.713,,0,1,1,4,1,Slide7.png,e,,
,,,,,,,26.7142,,,,,,,,6821,2021-10-07_18h00.03.071,HCtest,2021.2.3,Win32,59.9880024,,,,,,h,1,26.6603,,0,2,2,3,1,Slide6.png,h,,
,,,,,,,24.7615,,,,,,,,6821,2021-10-07_18h00.03.071,HCtest,2021.2.3,Win32,59.9880024,,,,,,a,0,24.6852,,0,3,3,6,1,Slide9.png,f,,
,,,,,,,5.7546,,,,,,,,6821,2021-10-07_18h00.03.071,HCtest,2021.2.3,Win32,59.9880024,,,,,,f,0,5.7047,,0,4,4,5,1,Slide8.png,h,,
,,,,,,,3.9337,,,,,,,,6821,2021-10-07_18h00.03.071,HCtest,2021.2.3,Win32,59.9880024,,,,,,d,0,3.8812,,0,5,5,1,1,Slide4.png,g,,
,,,,,,,2.6896,,,,,,,,6821,2021-10-07_18h00.03.071,HCtest,2021.2.3,Win32,59.9880024,,,,,,e,0,2.6419,,0,6,6,0,1,Slide3.png,d,,
,,,,,,,2.1061,,,,,,,,6821,2021-10-07_18h00.03.071,HCtest,2021.2.3,Win32,59.9880024,,,,,,c,0,2.0582,,0,7,7,2,1,Slide5.png,d,,
,,,,,,,,,,,,,,,6821,2021-10-07_18h00.03.071,HCtest,2021.2.3,Win32,59.9880024,,,,,,,,,,,,,,,,,return,4.8527
