﻿key_resp.keys,key_resp.rt,key_resp_4.keys,key_resp_4.rt,key_resp_2.keys,key_resp_2.corr,anagram_answer,RT,trials.thisRepN,trials.thisTrialN,trials.thisN,trials.thisIndex,trials.ran,anagrams,correct,id,date,expName,psychopyVersion,OS,frameRate,key_resp_2.rt,anaEndEnter.keys,anaEndEnter.rt,key_resp_3.keys,key_resp_3.rt,IQresponse.keys,IQresponse.corr,IQresponse.rt,IQpass.keys,trials_2.thisRepN,trials_2.thisTrialN,trials_2.thisN,trials_2.thisIndex,trials_2.ran,options,CorrectIQ,key_resp_5.keys,key_resp_5.rt
return,16.067,return,4.999,,0,,0.001,0,0,0,0,1,remove,REMOVE,18125,2021-10-28_11h51.02.749,HCtest,2021.2.3,MacIntel,55.55555556,,,,,,,,,,,,,,,,,,
,,,,return,0,,75.749,0,1,1,1,1,shdvrui,drivhus,18125,2021-10-28_11h51.02.749,HCtest,2021.2.3,MacIntel,55.55555556,75.718,,,,,,,,,,,,,,,,,
,,,,return,0,,94.431,0,2,2,2,1,jasekatn,kastanje,18125,2021-10-28_11h51.02.749,HCtest,2021.2.3,MacIntel,55.55555556,94.416,,,,,,,,,,,,,,,,,
,,,,return,0,,139.315,0,3,3,3,1,hmoodwse,modeshow,18125,2021-10-28_11h51.02.749,HCtest,2021.2.3,MacIntel,55.55555556,139.299,,,,,,,,,,,,,,,,,
,,,,return,0,,309.144,0,4,4,4,1,edolsat,unsolve,18125,2021-10-28_11h51.02.749,HCtest,2021.2.3,MacIntel,55.55555556,309.125,,,,,,,,,,,,,,,,,
,,,,return,0,,117.781,0,5,5,5,1,esmeknen,menneske,18125,2021-10-28_11h51.02.749,HCtest,2021.2.3,MacIntel,55.55555556,117.764,,,,,,,,,,,,,,,,,
,,,,return,0,,8.383,0,6,6,6,1,imafeil,familie,18125,2021-10-28_11h51.02.749,HCtest,2021.2.3,MacIntel,55.55555556,8.37,,,,,,,,,,,,,,,,,
,,,,return,0,,25.148,0,7,7,7,1,ptilaosh,hospital,18125,2021-10-28_11h51.02.749,HCtest,2021.2.3,MacIntel,55.55555556,25.133,,,,,,,,,,,,,,,,,
,,,,return,0,,8.083,0,8,8,8,1,anisplep,appelsin,18125,2021-10-28_11h51.02.749,HCtest,2021.2.3,MacIntel,55.55555556,8.066,,,,,,,,,,,,,,,,,
,,,,return,0,,2.283,0,9,9,9,1,fdteakor,unsolve,18125,2021-10-28_11h51.02.749,HCtest,2021.2.3,MacIntel,55.55555556,2.267,,,,,,,,,,,,,,,,,
,,,,return,0,,8.216,0,10,10,10,1,ptajakn,kaptajn,18125,2021-10-28_11h51.02.749,HCtest,2021.2.3,MacIntel,55.55555556,8.198,,,,,,,,,,,,,,,,,
,,,,return,0,,2.384,0,11,11,11,1,iovkonmr,mikroovn,18125,2021-10-28_11h51.02.749,HCtest,2021.2.3,MacIntel,55.55555556,2.365,,,,,,,,,,,,,,,,,
,,,,return,0,,0.617,0,12,12,12,1,agotfiorf,fotografi,18125,2021-10-28_11h51.02.749,HCtest,2021.2.3,MacIntel,55.55555556,0.601,,,,,,,,,,,,,,,,,
,,,,return,0,,0.433,0,13,13,13,1,apniggncmvo,campingvogn,18125,2021-10-28_11h51.02.749,HCtest,2021.2.3,MacIntel,55.55555556,0.419,,,,,,,,,,,,,,,,,
,,,,return,0,,0.384,0,14,14,14,1,rktneleal,tallerken,18125,2021-10-28_11h51.02.749,HCtest,2021.2.3,MacIntel,55.55555556,0.367,,,,,,,,,,,,,,,,,
,,,,return,0,,0.383,0,15,15,15,1,vkadato,advokat,18125,2021-10-28_11h51.02.749,HCtest,2021.2.3,MacIntel,55.55555556,0.362,,,,,,,,,,,,,,,,,
,,,,,,,73.425,,,,,,,,18125,2021-10-28_11h51.02.749,HCtest,2021.2.3,MacIntel,55.55555556,,return,3.338,return,33.443,h,0,73.388,,0,0,0,0,1,Slide3.png,d,,
,,,,,,,100.43,,,,,,,,18125,2021-10-28_11h51.02.749,HCtest,2021.2.3,MacIntel,55.55555556,,,,,,h,1,100.396,,0,1,1,5,1,Slide8.png,h,,
,,,,,,,38.3,,,,,,,,18125,2021-10-28_11h51.02.749,HCtest,2021.2.3,MacIntel,55.55555556,,,,,,f,0,38.27,,0,2,2,4,1,Slide7.png,e,,
,,,,,,,96.048,,,,,,,,18125,2021-10-28_11h51.02.749,HCtest,2021.2.3,MacIntel,55.55555556,,,,,,e,0,96.014,,0,3,3,7,1,Slide10.png,b,,
,,,,,,,78.865,,,,,,,,18125,2021-10-28_11h51.02.749,HCtest,2021.2.3,MacIntel,55.55555556,,,,,,h,0,78.828,,0,4,4,1,1,Slide4.png,g,,
,,,,,,,37.834,,,,,,,,18125,2021-10-28_11h51.02.749,HCtest,2021.2.3,MacIntel,55.55555556,,,,,,d,1,37.798,,0,5,5,2,1,Slide5.png,d,,
,,,,,,,186.413,,,,,,,,18125,2021-10-28_11h51.02.749,HCtest,2021.2.3,MacIntel,55.55555556,,,,,,b,0,186.384,,0,6,6,3,1,Slide6.png,h,,
,,,,,,,110.931,,,,,,,,18125,2021-10-28_11h51.02.749,HCtest,2021.2.3,MacIntel,55.55555556,,,,,,f,1,110.893,,0,7,7,6,1,Slide9.png,f,,
,,,,,,,,,,,,,,,18125,2021-10-28_11h51.02.749,HCtest,2021.2.3,MacIntel,55.55555556,,,,,,,,,,,,,,,,,return,10.561
