﻿key_resp.keys,key_resp.rt,key_resp_4.keys,key_resp_4.rt,key_resp_2.keys,key_resp_2.corr,anagram_answer,RT,trials.thisRepN,trials.thisTrialN,trials.thisN,trials.thisIndex,trials.ran,anagrams,correct,id,date,expName,psychopyVersion,OS,frameRate,key_resp_2.rt,anaEndEnter.keys,anaEndEnter.rt,key_resp_3.keys,key_resp_3.rt,IQresponse.keys,IQresponse.corr,IQpass.keys,IQpass.rt,trials_2.thisRepN,trials_2.thisTrialN,trials_2.thisN,trials_2.thisIndex,trials_2.ran,options,CorrectIQ,IQresponse.rt,key_resp_5.keys,key_resp_5.rt
return,27.2812,return,19.5927,,0,,0.0003,0,0,0,0,1,remove,REMOVE,5071,2021-10-31_22h35.28.837,HCtest,2021.2.3,MacIntel,59.84082341,,,,,,,,,,,,,,,,,,,
,,,,return,0,drivhus,83.4613,0,1,1,1,1,shdvrui,drivhus,5071,2021-10-31_22h35.28.837,HCtest,2021.2.3,MacIntel,59.84082341,83.4252,,,,,,,,,,,,,,,,,,
,,,,return,0,kastanje,8.8656,0,2,2,2,1,jasekatn,kastanje,5071,2021-10-31_22h35.28.837,HCtest,2021.2.3,MacIntel,59.84082341,8.8369,,,,,,,,,,,,,,,,,,
,,,,return,0,,60.4292,0,3,3,3,1,hmoodwse,modeshow,5071,2021-10-31_22h35.28.837,HCtest,2021.2.3,MacIntel,59.84082341,60.4079,,,,,,,,,,,,,,,,,,
,,,,return,0,,148.7319,0,4,4,4,1,edolsat,unsolve,5071,2021-10-31_22h35.28.837,HCtest,2021.2.3,MacIntel,59.84082341,148.7163,,,,,,,,,,,,,,,,,,
,,,,return,0,menneske,6.2332,0,5,5,5,1,esmeknen,menneske,5071,2021-10-31_22h35.28.837,HCtest,2021.2.3,MacIntel,59.84082341,6.2146,,,,,,,,,,,,,,,,,,
,,,,return,0,familie,5.952,0,6,6,6,1,imafeil,familie,5071,2021-10-31_22h35.28.837,HCtest,2021.2.3,MacIntel,59.84082341,5.9363,,,,,,,,,,,,,,,,,,
,,,,return,0,hospital,73.6695,0,7,7,7,1,ptilaosh,hospital,5071,2021-10-31_22h35.28.837,HCtest,2021.2.3,MacIntel,59.84082341,73.6592,,,,,,,,,,,,,,,,,,
,,,,return,0,appelsin,97.7971,0,8,8,8,1,anisplep,appelsin,5071,2021-10-31_22h35.28.837,HCtest,2021.2.3,MacIntel,59.84082341,97.7823,,,,,,,,,,,,,,,,,,
,,,,return,0,,104.8977,0,9,9,9,1,fdteakor,unsolve,5071,2021-10-31_22h35.28.837,HCtest,2021.2.3,MacIntel,59.84082341,104.8827,,,,,,,,,,,,,,,,,,
,,,,return,0,kaptajn,7.6116,0,10,10,10,1,ptajakn,kaptajn,5071,2021-10-31_22h35.28.837,HCtest,2021.2.3,MacIntel,59.84082341,7.5943,,,,,,,,,,,,,,,,,,
,,,,return,0,,82.6706,0,11,11,11,1,iovkonmr,mikroovn,5071,2021-10-31_22h35.28.837,HCtest,2021.2.3,MacIntel,59.84082341,82.653,,,,,,,,,,,,,,,,,,
,,,,return,0,,81.0511,0,12,12,12,1,agotfiorf,fotografi,5071,2021-10-31_22h35.28.837,HCtest,2021.2.3,MacIntel,59.84082341,81.0371,,,,,,,,,,,,,,,,,,
,,,,return,0,campingvogn,6.653,0,13,13,13,1,apniggncmvo,campingvogn,5071,2021-10-31_22h35.28.837,HCtest,2021.2.3,MacIntel,59.84082341,6.6368,,,,,,,,,,,,,,,,,,
,,,,return,0,tallerken,30.6535,0,14,14,14,1,rktneleal,tallerken,5071,2021-10-31_22h35.28.837,HCtest,2021.2.3,MacIntel,59.84082341,30.6364,,,,,,,,,,,,,,,,,,
,,,,return,0,advokat,30.7014,0,15,15,15,1,vkadato,advokat,5071,2021-10-31_22h35.28.837,HCtest,2021.2.3,MacIntel,59.84082341,30.6831,,,,,,,,,,,,,,,,,,
,,,,,,,73.4574,,,,,,,,5071,2021-10-31_22h35.28.837,HCtest,2021.2.3,MacIntel,59.84082341,,return,3.9893,return,11.1058,,0,return,73.4086,0,0,0,4,1,Slide7.png,e,,,
,,,,,,,12.2549,,,,,,,,5071,2021-10-31_22h35.28.837,HCtest,2021.2.3,MacIntel,59.84082341,,,,,,,0,return,12.2084,0,1,1,1,1,Slide4.png,g,,,
,,,,,,,25.44,,,,,,,,5071,2021-10-31_22h35.28.837,HCtest,2021.2.3,MacIntel,59.84082341,,,,,,d,1,,,0,2,2,2,1,Slide5.png,d,25.3978,,
,,,,,,,67.2988,,,,,,,,5071,2021-10-31_22h35.28.837,HCtest,2021.2.3,MacIntel,59.84082341,,,,,,h,1,,,0,3,3,3,1,Slide6.png,h,67.2525,,
,,,,,,,62.8724,,,,,,,,5071,2021-10-31_22h35.28.837,HCtest,2021.2.3,MacIntel,59.84082341,,,,,,g,0,,,0,4,4,7,1,Slide10.png,b,62.8269,,
,,,,,,,68.0534,,,,,,,,5071,2021-10-31_22h35.28.837,HCtest,2021.2.3,MacIntel,59.84082341,,,,,,f,1,,,0,5,5,6,1,Slide9.png,f,68.0039,,
,,,,,,,46.3629,,,,,,,,5071,2021-10-31_22h35.28.837,HCtest,2021.2.3,MacIntel,59.84082341,,,,,,,0,return,46.3184,0,6,6,5,1,Slide8.png,h,,,
,,,,,,,34.8303,,,,,,,,5071,2021-10-31_22h35.28.837,HCtest,2021.2.3,MacIntel,59.84082341,,,,,,d,1,,,0,7,7,0,1,Slide3.png,d,34.7882,,
,,,,,,,,,,,,,,,5071,2021-10-31_22h35.28.837,HCtest,2021.2.3,MacIntel,59.84082341,,,,,,,,,,,,,,,,,,return,9.117
