﻿key_resp.keys,key_resp.rt,key_resp_4.keys,key_resp_4.rt,key_resp_2.keys,key_resp_2.corr,anagram_answer,RT,trials.thisRepN,trials.thisTrialN,trials.thisN,trials.thisIndex,trials.ran,anagrams,correct,id,date,expName,psychopyVersion,OS,frameRate,key_resp_2.rt,anaEndEnter.keys,anaEndEnter.rt,key_resp_3.keys,key_resp_3.rt,IQresponse.keys,IQresponse.corr,IQresponse.rt,IQpass.keys,trials_2.thisRepN,trials_2.thisTrialN,trials_2.thisN,trials_2.thisIndex,trials_2.ran,options,CorrectIQ,key_resp_5.keys,key_resp_5.rt
return,81.265,return,16.1266,,0,,0.0003,0,0,0,0,1,remove,REMOVE,5026,2021-10-11_24h06.46.267,HCtest,2021.2.3,MacIntel,60.0024001,,,,,,,,,,,,,,,,,,
,,,,return,0,virus,60.6512,0,1,1,1,1,shdvrui,drivhus,5026,2021-10-11_24h06.46.267,HCtest,2021.2.3,MacIntel,60.0024001,60.6118,,,,,,,,,,,,,,,,,
,,,,return,0,,78.4532,0,2,2,2,1,jasekatn,kastanje,5026,2021-10-11_24h06.46.267,HCtest,2021.2.3,MacIntel,60.0024001,78.4319,,,,,,,,,,,,,,,,,
,,,,return,0,,65.6564,0,3,3,3,1,hmoodwse,modeshow,5026,2021-10-11_24h06.46.267,HCtest,2021.2.3,MacIntel,60.0024001,65.6353,,,,,,,,,,,,,,,,,
,,,,return,0,soldat,45.0718,0,4,4,4,1,edolsat,unsolve,5026,2021-10-11_24h06.46.267,HCtest,2021.2.3,MacIntel,60.0024001,45.0573,,,,,,,,,,,,,,,,,
,,,,return,0,,51.4224,0,5,5,5,1,esmeknen,menneske,5026,2021-10-11_24h06.46.267,HCtest,2021.2.3,MacIntel,60.0024001,51.4064,,,,,,,,,,,,,,,,,
,,,,return,0,familie,19.8372,0,6,6,6,1,imafeil,familie,5026,2021-10-11_24h06.46.267,HCtest,2021.2.3,MacIntel,60.0024001,19.8249,,,,,,,,,,,,,,,,,
,,,,return,0,pita,57.741,0,7,7,7,1,ptilaosh,hospital,5026,2021-10-11_24h06.46.267,HCtest,2021.2.3,MacIntel,60.0024001,57.7225,,,,,,,,,,,,,,,,,
,,,,return,0,penis,14.005,0,8,8,8,1,anisplep,appelsin,5026,2021-10-11_24h06.46.267,HCtest,2021.2.3,MacIntel,60.0024001,13.9841,,,,,,,,,,,,,,,,,
,,,,return,0,kor,37.5211,0,9,9,9,1,fdteakor,unsolve,5026,2021-10-11_24h06.46.267,HCtest,2021.2.3,MacIntel,60.0024001,37.4998,,,,,,,,,,,,,,,,,
,,,,return,0,kaptajn,9.3715,0,10,10,10,1,ptajakn,kaptajn,5026,2021-10-11_24h06.46.267,HCtest,2021.2.3,MacIntel,60.0024001,9.3554,,,,,,,,,,,,,,,,,
,,,,return,0,,23.5221,0,11,11,11,1,iovkonmr,mikroovn,5026,2021-10-11_24h06.46.267,HCtest,2021.2.3,MacIntel,60.0024001,23.5044,,,,,,,,,,,,,,,,,
,,,,return,0,,1.9399,0,12,12,12,1,agotfiorf,fotografi,5026,2021-10-11_24h06.46.267,HCtest,2021.2.3,MacIntel,60.0024001,1.9231,,,,,,,,,,,,,,,,,
,,,,return,0,,0.6991,0,13,13,13,1,apniggncmvo,campingvogn,5026,2021-10-11_24h06.46.267,HCtest,2021.2.3,MacIntel,60.0024001,0.6854,,,,,,,,,,,,,,,,,
,,,,return,0,,0.7667,0,14,14,14,1,rktneleal,tallerken,5026,2021-10-11_24h06.46.267,HCtest,2021.2.3,MacIntel,60.0024001,0.75,,,,,,,,,,,,,,,,,
,,,,return,0,,0.7658,0,15,15,15,1,vkadato,advokat,5026,2021-10-11_24h06.46.267,HCtest,2021.2.3,MacIntel,60.0024001,0.7555,,,,,,,,,,,,,,,,,
,,,,,,,30.262,,,,,,,,5026,2021-10-11_24h06.46.267,HCtest,2021.2.3,MacIntel,60.0024001,,return,3.4325,return,13.2824,h,0,30.2291,,0,0,0,6,1,Slide9.png,f,,
,,,,,,,27.7557,,,,,,,,5026,2021-10-11_24h06.46.267,HCtest,2021.2.3,MacIntel,60.0024001,,,,,,e,1,27.7204,,0,1,1,4,1,Slide7.png,e,,
,,,,,,,23.772,,,,,,,,5026,2021-10-11_24h06.46.267,HCtest,2021.2.3,MacIntel,60.0024001,,,,,,d,0,23.7337,,0,2,2,3,1,Slide6.png,h,,
,,,,,,,9.0227,,,,,,,,5026,2021-10-11_24h06.46.267,HCtest,2021.2.3,MacIntel,60.0024001,,,,,,a,0,8.9893,,0,3,3,1,1,Slide4.png,g,,
,,,,,,,8.9901,,,,,,,,5026,2021-10-11_24h06.46.267,HCtest,2021.2.3,MacIntel,60.0024001,,,,,,d,1,8.9574,,0,4,4,0,1,Slide3.png,d,,
,,,,,,,7.14,,,,,,,,5026,2021-10-11_24h06.46.267,HCtest,2021.2.3,MacIntel,60.0024001,,,,,,a,0,7.1038,,0,5,5,5,1,Slide8.png,h,,
,,,,,,,1.605,,,,,,,,5026,2021-10-11_24h06.46.267,HCtest,2021.2.3,MacIntel,60.0024001,,,,,,f,0,1.5709,,0,6,6,7,1,Slide10.png,b,,
,,,,,,,1.5827,,,,,,,,5026,2021-10-11_24h06.46.267,HCtest,2021.2.3,MacIntel,60.0024001,,,,,,e,0,1.547,,0,7,7,2,1,Slide5.png,d,,
,,,,,,,,,,,,,,,5026,2021-10-11_24h06.46.267,HCtest,2021.2.3,MacIntel,60.0024001,,,,,,,,,,,,,,,,,return,4.0997
