﻿key_resp.keys,key_resp.rt,key_resp_4.keys,key_resp_4.rt,key_resp_2.keys,key_resp_2.corr,anagram_answer,RT,trials.thisRepN,trials.thisTrialN,trials.thisN,trials.thisIndex,trials.ran,anagrams,correct,id,date,expName,psychopyVersion,OS,frameRate,key_resp_2.rt,anaEndEnter.keys,anaEndEnter.rt,key_resp_3.keys,key_resp_3.rt,IQresponse.keys,IQresponse.corr,IQpass.keys,IQpass.rt,trials_2.thisRepN,trials_2.thisTrialN,trials_2.thisN,trials_2.thisIndex,trials_2.ran,options,CorrectIQ,IQresponse.rt,key_resp_5.keys,key_resp_5.rt
return,27.5347,return,40.6008,,0,,0.0002,0,0,0,0,1,remove,REMOVE,8552,2021-10-06_18h08.14.082,HCtest,2021.2.3,MacIntel,60.0024001,,,,,,,,,,,,,,,,,,,
,,,,return,0,,44.1709,0,1,1,1,1,shdvrui,drivhus,8552,2021-10-06_18h08.14.082,HCtest,2021.2.3,MacIntel,60.0024001,44.1336,,,,,,,,,,,,,,,,,,
,,,,return,0,,28.9875,0,2,2,2,1,jasekatn,kastanje,8552,2021-10-06_18h08.14.082,HCtest,2021.2.3,MacIntel,60.0024001,28.9679,,,,,,,,,,,,,,,,,,
,,,,return,0,,15.7395,0,3,3,3,1,hmoodwse,modeshow,8552,2021-10-06_18h08.14.082,HCtest,2021.2.3,MacIntel,60.0024001,15.7203,,,,,,,,,,,,,,,,,,
,,,,return,0,,28.3072,0,4,4,4,1,edolsat,unsolve,8552,2021-10-06_18h08.14.082,HCtest,2021.2.3,MacIntel,60.0024001,28.2909,,,,,,,,,,,,,,,,,,
,,,,return,0,,13.188,0,5,5,5,1,esmeknen,menneske,8552,2021-10-06_18h08.14.082,HCtest,2021.2.3,MacIntel,60.0024001,13.1723,,,,,,,,,,,,,,,,,,
,,,,return,0,,15.7715,0,6,6,6,1,imafeil,familie,8552,2021-10-06_18h08.14.082,HCtest,2021.2.3,MacIntel,60.0024001,15.7575,,,,,,,,,,,,,,,,,,
,,,,return,0,,6.1156,0,7,7,7,1,ptilaosh,hospital,8552,2021-10-06_18h08.14.082,HCtest,2021.2.3,MacIntel,60.0024001,6.097,,,,,,,,,,,,,,,,,,
,,,,return,0,,10.237,0,8,8,8,1,anisplep,appelsin,8552,2021-10-06_18h08.14.082,HCtest,2021.2.3,MacIntel,60.0024001,10.2189,,,,,,,,,,,,,,,,,,
,,,,return,0,,11.6411,0,9,9,9,1,fdteakor,unsolve,8552,2021-10-06_18h08.14.082,HCtest,2021.2.3,MacIntel,60.0024001,11.6295,,,,,,,,,,,,,,,,,,
,,,,return,0,,6.4551,0,10,10,10,1,ptajakn,kaptajn,8552,2021-10-06_18h08.14.082,HCtest,2021.2.3,MacIntel,60.0024001,6.4403,,,,,,,,,,,,,,,,,,
,,,,return,0,,11.4221,0,11,11,11,1,iovkonmr,mikroovn,8552,2021-10-06_18h08.14.082,HCtest,2021.2.3,MacIntel,60.0024001,11.4081,,,,,,,,,,,,,,,,,,
,,,,return,0,,1.306,0,12,12,12,1,agotfiorf,fotografi,8552,2021-10-06_18h08.14.082,HCtest,2021.2.3,MacIntel,60.0024001,1.2933,,,,,,,,,,,,,,,,,,
,,,,return,0,,2.4342,0,13,13,13,1,apniggncmvo,campingvogn,8552,2021-10-06_18h08.14.082,HCtest,2021.2.3,MacIntel,60.0024001,2.4211,,,,,,,,,,,,,,,,,,
,,,,return,0,,1.8818,0,14,14,14,1,rktneleal,tallerken,8552,2021-10-06_18h08.14.082,HCtest,2021.2.3,MacIntel,60.0024001,1.8669,,,,,,,,,,,,,,,,,,
,,,,return,0,,1.3171,0,15,15,15,1,vkadato,advokat,8552,2021-10-06_18h08.14.082,HCtest,2021.2.3,MacIntel,60.0024001,1.2998,,,,,,,,,,,,,,,,,,
,,,,,,,93.8979,,,,,,,,8552,2021-10-06_18h08.14.082,HCtest,2021.2.3,MacIntel,60.0024001,,return,9.6236,return,22.4343,,0,return,93.8652,0,0,0,4,1,Slide7.png,e,,,
,,,,,,,14.4211,,,,,,,,8552,2021-10-06_18h08.14.082,HCtest,2021.2.3,MacIntel,60.0024001,,,,,,,0,return,14.3883,0,1,1,7,1,Slide10.png,b,,,
,,,,,,,33.1886,,,,,,,,8552,2021-10-06_18h08.14.082,HCtest,2021.2.3,MacIntel,60.0024001,,,,,,d,1,,,0,2,2,0,1,Slide3.png,d,33.1557,,
,,,,,,,39.2721,,,,,,,,8552,2021-10-06_18h08.14.082,HCtest,2021.2.3,MacIntel,60.0024001,,,,,,d,1,,,0,3,3,2,1,Slide5.png,d,39.2397,,
,,,,,,,335.6849,,,,,,,,8552,2021-10-06_18h08.14.082,HCtest,2021.2.3,MacIntel,60.0024001,,,,,,,0,return,335.6495,0,4,4,1,1,Slide4.png,g,,,
,,,,,,,105.2214,,,,,,,,8552,2021-10-06_18h08.14.082,HCtest,2021.2.3,MacIntel,60.0024001,,,,,,,0,return,105.186,0,5,5,5,1,Slide8.png,h,,,
,,,,,,,43.089,,,,,,,,8552,2021-10-06_18h08.14.082,HCtest,2021.2.3,MacIntel,60.0024001,,,,,,e,0,,,0,6,6,3,1,Slide6.png,h,43.0489,,
,,,,,,,118.2724,,,,,,,,8552,2021-10-06_18h08.14.082,HCtest,2021.2.3,MacIntel,60.0024001,,,,,,,0,return,118.2366,0,7,7,6,1,Slide9.png,f,,,
,,,,,,,,,,,,,,,8552,2021-10-06_18h08.14.082,HCtest,2021.2.3,MacIntel,60.0024001,,,,,,,,,,,,,,,,,,return,6.7748
