﻿key_resp.keys,key_resp.rt,key_resp_4.keys,key_resp_4.rt,key_resp_2.keys,key_resp_2.corr,anagram_answer,RT,trials.thisRepN,trials.thisTrialN,trials.thisN,trials.thisIndex,trials.ran,anagrams,correct,id,date,expName,psychopyVersion,OS,frameRate,key_resp_2.rt,anaEndEnter.keys,anaEndEnter.rt,key_resp_3.keys,key_resp_3.rt,IQresponse.keys,IQresponse.corr,IQresponse.rt,IQpass.keys,trials_2.thisRepN,trials_2.thisTrialN,trials_2.thisN,trials_2.thisIndex,trials_2.ran,options,CorrectIQ,key_resp_5.keys,key_resp_5.rt
return,22.129715,return,24.886065,,0,,0.00044,0,0,0,0,1,remove,REMOVE,612,2021-10-07_21h50.47.185,HCtest,2021.2.3,MacIntel,59.99880002,,,,,,,,,,,,,,,,,,
,,,,return,0,drivhus,44.43635,0,1,1,1,1,shdvrui,drivhus,612,2021-10-07_21h50.47.185,HCtest,2021.2.3,MacIntel,59.99880002,44.41747,,,,,,,,,,,,,,,,,
,,,,return,0,kastanje,15.16686,0,2,2,2,1,jasekatn,kastanje,612,2021-10-07_21h50.47.185,HCtest,2021.2.3,MacIntel,59.99880002,15.14555,,,,,,,,,,,,,,,,,
,,,,return,0,,191.64564,0,3,3,3,1,hmoodwse,modeshow,612,2021-10-07_21h50.47.185,HCtest,2021.2.3,MacIntel,59.99880002,191.62386,,,,,,,,,,,,,,,,,
,,,,return,0,soldate,218.981275,0,4,4,4,1,edolsat,unsolve,612,2021-10-07_21h50.47.185,HCtest,2021.2.3,MacIntel,59.99880002,218.9616,,,,,,,,,,,,,,,,,
,,,,return,0,menskene,77.137465,0,5,5,5,1,esmeknen,menneske,612,2021-10-07_21h50.47.185,HCtest,2021.2.3,MacIntel,59.99880002,77.115005,,,,,,,,,,,,,,,,,
,,,,return,0,familie,77.83533,0,6,6,6,1,imafeil,familie,612,2021-10-07_21h50.47.185,HCtest,2021.2.3,MacIntel,59.99880002,77.81598,,,,,,,,,,,,,,,,,
,,,,return,0,,144.908955,0,7,7,7,1,ptilaosh,hospital,612,2021-10-07_21h50.47.185,HCtest,2021.2.3,MacIntel,59.99880002,144.891745,,,,,,,,,,,,,,,,,
,,,,return,0,,230.865335,0,8,8,8,1,anisplep,appelsin,612,2021-10-07_21h50.47.185,HCtest,2021.2.3,MacIntel,59.99880002,230.8507,,,,,,,,,,,,,,,,,
,,,,return,0,,250.09797,0,9,9,9,1,fdteakor,unsolve,612,2021-10-07_21h50.47.185,HCtest,2021.2.3,MacIntel,59.99880002,250.078985,,,,,,,,,,,,,,,,,
,,,,return,0,kaptajn,158.259545,0,10,10,10,1,ptajakn,kaptajn,612,2021-10-07_21h50.47.185,HCtest,2021.2.3,MacIntel,59.99880002,158.249405,,,,,,,,,,,,,,,,,
,,,,return,0,,353.507315,0,11,11,11,1,iovkonmr,mikroovn,612,2021-10-07_21h50.47.185,HCtest,2021.2.3,MacIntel,59.99880002,353.494805,,,,,,,,,,,,,,,,,
,,,,return,0,,221.59743,0,12,12,12,1,agotfiorf,fotografi,612,2021-10-07_21h50.47.185,HCtest,2021.2.3,MacIntel,59.99880002,221.57918,,,,,,,,,,,,,,,,,
,,,,return,0,,110.17211,0,13,13,13,1,apniggncmvo,campingvogn,612,2021-10-07_21h50.47.185,HCtest,2021.2.3,MacIntel,59.99880002,110.15998,,,,,,,,,,,,,,,,,
,,,,return,0,,258.8675,0,14,14,14,1,rktneleal,tallerken,612,2021-10-07_21h50.47.185,HCtest,2021.2.3,MacIntel,59.99880002,258.85452,,,,,,,,,,,,,,,,,
,,,,return,0,advokat,18.799575,0,15,15,15,1,vkadato,advokat,612,2021-10-07_21h50.47.185,HCtest,2021.2.3,MacIntel,59.99880002,18.780815,,,,,,,,,,,,,,,,,
,,,,,,,286.952435,,,,,,,,612,2021-10-07_21h50.47.185,HCtest,2021.2.3,MacIntel,59.99880002,,return,6.034895,return,23.92654,c,0,286.90803,,0,0,0,5,1,Slide8.png,h,,
,,,,,,,117.9231,,,,,,,,612,2021-10-07_21h50.47.185,HCtest,2021.2.3,MacIntel,59.99880002,,,,,,h,0,117.877395,,0,1,1,2,1,Slide5.png,d,,
,,,,,,,59.35354,,,,,,,,612,2021-10-07_21h50.47.185,HCtest,2021.2.3,MacIntel,59.99880002,,,,,,a,0,59.304195,,0,2,2,1,1,Slide4.png,g,,
,,,,,,,51.00271,,,,,,,,612,2021-10-07_21h50.47.185,HCtest,2021.2.3,MacIntel,59.99880002,,,,,,g,0,50.953875,,0,3,3,7,1,Slide10.png,b,,
,,,,,,,45.501915,,,,,,,,612,2021-10-07_21h50.47.185,HCtest,2021.2.3,MacIntel,59.99880002,,,,,,e,1,45.46154,,0,4,4,4,1,Slide7.png,e,,
,,,,,,,27.216645,,,,,,,,612,2021-10-07_21h50.47.185,HCtest,2021.2.3,MacIntel,59.99880002,,,,,,b,0,27.16842,,0,5,5,0,1,Slide3.png,d,,
,,,,,,,12.584325,,,,,,,,612,2021-10-07_21h50.47.185,HCtest,2021.2.3,MacIntel,59.99880002,,,,,,f,0,12.53178,,0,6,6,3,1,Slide6.png,h,,
,,,,,,,44.751255,,,,,,,,612,2021-10-07_21h50.47.185,HCtest,2021.2.3,MacIntel,59.99880002,,,,,,g,0,44.696075,,0,7,7,6,1,Slide9.png,f,,
,,,,,,,,,,,,,,,612,2021-10-07_21h50.47.185,HCtest,2021.2.3,MacIntel,59.99880002,,,,,,,,,,,,,,,,,return,10.240045
