﻿key_resp.keys,key_resp.rt,key_resp_4.keys,key_resp_4.rt,key_resp_2.keys,key_resp_2.corr,anagram_answer,RT,trials.thisRepN,trials.thisTrialN,trials.thisN,trials.thisIndex,trials.ran,anagrams,correct,id,date,expName,psychopyVersion,OS,frameRate,key_resp_2.rt,anaEndEnter.keys,anaEndEnter.rt,key_resp_3.keys,key_resp_3.rt,IQresponse.keys,IQresponse.corr,IQresponse.rt,IQpass.keys,trials_2.thisRepN,trials_2.thisTrialN,trials_2.thisN,trials_2.thisIndex,trials_2.ran,options,CorrectIQ,key_resp_5.keys,key_resp_5.rt
return,34.9323,return,19.3947,,0,,0.0002,0,0,0,0,1,remove,REMOVE,16930,2021-10-06_11h19.35.907,HCtest,2021.2.3,Win32,59.85873339,,,,,,,,,,,,,,,,,,
,,,,return,0,drivhus,10.2506,0,1,1,1,1,shdvrui,drivhus,16930,2021-10-06_11h19.35.907,HCtest,2021.2.3,Win32,59.85873339,10.2424,,,,,,,,,,,,,,,,,
,,,,return,0,kastanje,52.0274,0,2,2,2,1,jasekatn,kastanje,16930,2021-10-06_11h19.35.907,HCtest,2021.2.3,Win32,59.85873339,52.0183,,,,,,,,,,,,,,,,,
,,,,return,0,demoshow,154.8179,0,3,3,3,1,hmoodwse,modeshow,16930,2021-10-06_11h19.35.907,HCtest,2021.2.3,Win32,59.85873339,154.8072,,,,,,,,,,,,,,,,,
,,,,return,0,stolead,257.1744,0,4,4,4,1,edolsat,unsolve,16930,2021-10-06_11h19.35.907,HCtest,2021.2.3,Win32,59.85873339,257.1609,,,,,,,,,,,,,,,,,
,,,,return,0,menneske,196.698,0,5,5,5,1,esmeknen,menneske,16930,2021-10-06_11h19.35.907,HCtest,2021.2.3,Win32,59.85873339,196.6813,,,,,,,,,,,,,,,,,
,,,,return,0,familie,41.8703,0,6,6,6,1,imafeil,familie,16930,2021-10-06_11h19.35.907,HCtest,2021.2.3,Win32,59.85873339,41.8482,,,,,,,,,,,,,,,,,
,,,,return,0,hospital,43.038,0,7,7,7,1,ptilaosh,hospital,16930,2021-10-06_11h19.35.907,HCtest,2021.2.3,Win32,59.85873339,43.0226,,,,,,,,,,,,,,,,,
,,,,return,0,appelsin,22.5072,0,8,8,8,1,anisplep,appelsin,16930,2021-10-06_11h19.35.907,HCtest,2021.2.3,Win32,59.85873339,22.498,,,,,,,,,,,,,,,,,
,,,,return,0,katerodf,127.5803,0,9,9,9,1,fdteakor,unsolve,16930,2021-10-06_11h19.35.907,HCtest,2021.2.3,Win32,59.85873339,127.5641,,,,,,,,,,,,,,,,,
,,,,return,0,kaptajn,29.0435,0,10,10,10,1,ptajakn,kaptajn,16930,2021-10-06_11h19.35.907,HCtest,2021.2.3,Win32,59.85873339,29.0304,,,,,,,,,,,,,,,,,
,,,,return,0,mikroovn,92.5721,0,11,11,11,1,iovkonmr,mikroovn,16930,2021-10-06_11h19.35.907,HCtest,2021.2.3,Win32,59.85873339,92.5605,,,,,,,,,,,,,,,,,
,,,,return,0,fotografi,9.2955,0,12,12,12,1,agotfiorf,fotografi,16930,2021-10-06_11h19.35.907,HCtest,2021.2.3,Win32,59.85873339,9.2883,,,,,,,,,,,,,,,,,
,,,,return,0,campingvogn,20.0547,0,13,13,13,1,apniggncmvo,campingvogn,16930,2021-10-06_11h19.35.907,HCtest,2021.2.3,Win32,59.85873339,20.0489,,,,,,,,,,,,,,,,,
,,,,return,0,enkeltlar,217.4783,0,14,14,14,1,rktneleal,tallerken,16930,2021-10-06_11h19.35.907,HCtest,2021.2.3,Win32,59.85873339,217.4645,,,,,,,,,,,,,,,,,
,,,,return,0,advokat,32.5458,0,15,15,15,1,vkadato,advokat,16930,2021-10-06_11h19.35.907,HCtest,2021.2.3,Win32,59.85873339,32.5334,,,,,,,,,,,,,,,,,
,,,,,,,200.0999,,,,,,,,16930,2021-10-06_11h19.35.907,HCtest,2021.2.3,Win32,59.85873339,,return,7.831,return,23.0127,f,1,200.0568,,0,0,0,6,1,Slide9.png,f,,
,,,,,,,69.0786,,,,,,,,16930,2021-10-06_11h19.35.907,HCtest,2021.2.3,Win32,59.85873339,,,,,,d,1,69.0376,,0,1,1,2,1,Slide5.png,d,,
,,,,,,,145.7476,,,,,,,,16930,2021-10-06_11h19.35.907,HCtest,2021.2.3,Win32,59.85873339,,,,,,b,1,145.6964,,0,2,2,7,1,Slide10.png,b,,
,,,,,,,97.6378,,,,,,,,16930,2021-10-06_11h19.35.907,HCtest,2021.2.3,Win32,59.85873339,,,,,,g,1,97.5952,,0,3,3,1,1,Slide4.png,g,,
,,,,,,,56.9447,,,,,,,,16930,2021-10-06_11h19.35.907,HCtest,2021.2.3,Win32,59.85873339,,,,,,h,1,56.9073,,0,4,4,3,1,Slide6.png,h,,
,,,,,,,123.1948,,,,,,,,16930,2021-10-06_11h19.35.907,HCtest,2021.2.3,Win32,59.85873339,,,,,,h,1,123.1446,,0,5,5,5,1,Slide8.png,h,,
,,,,,,,25.6304,,,,,,,,16930,2021-10-06_11h19.35.907,HCtest,2021.2.3,Win32,59.85873339,,,,,,d,1,25.586,,0,6,6,0,1,Slide3.png,d,,
,,,,,,,115.6689,,,,,,,,16930,2021-10-06_11h19.35.907,HCtest,2021.2.3,Win32,59.85873339,,,,,,a,0,115.6298,,0,7,7,4,1,Slide7.png,e,,
,,,,,,,,,,,,,,,16930,2021-10-06_11h19.35.907,HCtest,2021.2.3,Win32,59.85873339,,,,,,,,,,,,,,,,,return,7.2603
