﻿key_resp.keys,key_resp.rt,key_resp_4.keys,key_resp_4.rt,key_resp_2.keys,key_resp_2.corr,anagram_answer,RT,trials.thisRepN,trials.thisTrialN,trials.thisN,trials.thisIndex,trials.ran,anagrams,correct,id,date,expName,psychopyVersion,OS,frameRate,key_resp_2.rt,anaEndEnter.keys,anaEndEnter.rt,key_resp_3.keys,key_resp_3.rt,IQresponse.keys,IQresponse.corr,IQresponse.rt,IQpass.keys,trials_2.thisRepN,trials_2.thisTrialN,trials_2.thisN,trials_2.thisIndex,trials_2.ran,options,CorrectIQ,key_resp_5.keys,key_resp_5.rt
return,6.456,return,7.399,,0,,0,0,0,0,0,1,remove,REMOVE,17239,2021-10-25_21h50.13,HCtest,2021.2.3,MacIntel,58.82352941,,,,,,,,,,,,,,,,,,
,,,,return,0,,17.026,0,1,1,1,1,shdvrui,drivhus,17239,2021-10-25_21h50.13,HCtest,2021.2.3,MacIntel,58.82352941,16.981,,,,,,,,,,,,,,,,,
,,,,return,0,,24.059,0,2,2,2,1,jasekatn,kastanje,17239,2021-10-25_21h50.13,HCtest,2021.2.3,MacIntel,58.82352941,24.047,,,,,,,,,,,,,,,,,
,,,,return,0,,4.3,0,3,3,3,1,hmoodwse,modeshow,17239,2021-10-25_21h50.13,HCtest,2021.2.3,MacIntel,58.82352941,4.278,,,,,,,,,,,,,,,,,
,,,,return,0,saldoet,22.761,0,4,4,4,1,edolsat,unsolve,17239,2021-10-25_21h50.13,HCtest,2021.2.3,MacIntel,58.82352941,22.74,,,,,,,,,,,,,,,,,
,,,,return,0,,14.773,0,5,5,5,1,esmeknen,menneske,17239,2021-10-25_21h50.13,HCtest,2021.2.3,MacIntel,58.82352941,14.749,,,,,,,,,,,,,,,,,
,,,,return,0,,8.286,0,6,6,6,1,imafeil,familie,17239,2021-10-25_21h50.13,HCtest,2021.2.3,MacIntel,58.82352941,8.265,,,,,,,,,,,,,,,,,
,,,,return,0,,1.566,0,7,7,7,1,ptilaosh,hospital,17239,2021-10-25_21h50.13,HCtest,2021.2.3,MacIntel,58.82352941,1.545,,,,,,,,,,,,,,,,,
,,,,return,0,,1.984,0,8,8,8,1,anisplep,appelsin,17239,2021-10-25_21h50.13,HCtest,2021.2.3,MacIntel,58.82352941,1.964,,,,,,,,,,,,,,,,,
,,,,return,0,,18.557,0,9,9,9,1,fdteakor,unsolve,17239,2021-10-25_21h50.13,HCtest,2021.2.3,MacIntel,58.82352941,18.544,,,,,,,,,,,,,,,,,
,,,,return,0,,1.267,0,10,10,10,1,ptajakn,kaptajn,17239,2021-10-25_21h50.13,HCtest,2021.2.3,MacIntel,58.82352941,1.253,,,,,,,,,,,,,,,,,
,,,,return,0,,4.518,0,11,11,11,1,iovkonmr,mikroovn,17239,2021-10-25_21h50.13,HCtest,2021.2.3,MacIntel,58.82352941,4.499,,,,,,,,,,,,,,,,,
,,,,return,0,,1.183,0,12,12,12,1,agotfiorf,fotografi,17239,2021-10-25_21h50.13,HCtest,2021.2.3,MacIntel,58.82352941,1.163,,,,,,,,,,,,,,,,,
,,,,return,0,,1.25,0,13,13,13,1,apniggncmvo,campingvogn,17239,2021-10-25_21h50.13,HCtest,2021.2.3,MacIntel,58.82352941,1.238,,,,,,,,,,,,,,,,,
,,,,return,0,,5.685,0,14,14,14,1,rktneleal,tallerken,17239,2021-10-25_21h50.13,HCtest,2021.2.3,MacIntel,58.82352941,5.668,,,,,,,,,,,,,,,,,
,,,,return,0,,110.835,0,15,15,15,1,vkadato,advokat,17239,2021-10-25_21h50.13,HCtest,2021.2.3,MacIntel,58.82352941,110.816,,,,,,,,,,,,,,,,,
,,,,,,,45.192,,,,,,,,17239,2021-10-25_21h50.13,HCtest,2021.2.3,MacIntel,58.82352941,,return,4.815,return,8.563,c,0,45.138,,0,0,0,4,1,Slide7.png,e,,
,,,,,,,36.367,,,,,,,,17239,2021-10-25_21h50.13,HCtest,2021.2.3,MacIntel,58.82352941,,,,,,e,0,36.318,,0,1,1,5,1,Slide8.png,h,,
,,,,,,,35.683,,,,,,,,17239,2021-10-25_21h50.13,HCtest,2021.2.3,MacIntel,58.82352941,,,,,,h,0,35.645,,0,2,2,2,1,Slide5.png,d,,
,,,,,,,51.14,,,,,,,,17239,2021-10-25_21h50.13,HCtest,2021.2.3,MacIntel,58.82352941,,,,,,c,0,51.093,,0,3,3,0,1,Slide3.png,d,,
,,,,,,,7.787,,,,,,,,17239,2021-10-25_21h50.13,HCtest,2021.2.3,MacIntel,58.82352941,,,,,,f,1,7.745,,0,4,4,6,1,Slide9.png,f,,
,,,,,,,29.079,,,,,,,,17239,2021-10-25_21h50.13,HCtest,2021.2.3,MacIntel,58.82352941,,,,,,b,1,29.03,,0,5,5,7,1,Slide10.png,b,,
,,,,,,,13.29,,,,,,,,17239,2021-10-25_21h50.13,HCtest,2021.2.3,MacIntel,58.82352941,,,,,,h,1,13.25,,0,6,6,3,1,Slide6.png,h,,
,,,,,,,17.409,,,,,,,,17239,2021-10-25_21h50.13,HCtest,2021.2.3,MacIntel,58.82352941,,,,,,g,1,17.356,,0,7,7,1,1,Slide4.png,g,,
,,,,,,,,,,,,,,,17239,2021-10-25_21h50.13,HCtest,2021.2.3,MacIntel,58.82352941,,,,,,,,,,,,,,,,,return,19.327
