﻿key_resp.keys,key_resp.rt,key_resp_4.keys,key_resp_4.rt,key_resp_2.keys,key_resp_2.corr,anagram_answer,RT,trials.thisRepN,trials.thisTrialN,trials.thisN,trials.thisIndex,trials.ran,anagrams,correct,id,date,expName,psychopyVersion,OS,frameRate,key_resp_2.rt,anaEndEnter.keys,anaEndEnter.rt,key_resp_3.keys,key_resp_3.rt,IQresponse.keys,IQresponse.corr,IQresponse.rt,IQpass.keys,trials_2.thisRepN,trials_2.thisTrialN,trials_2.thisN,trials_2.thisIndex,trials_2.ran,options,CorrectIQ,key_resp_5.keys,key_resp_5.rt
return,16.244,return,21.602,,0,,0,0,0,0,0,1,remove,REMOVE,18619,2021-10-15_11h20.13.533,HCtest,2021.2.3,MacIntel,58.82352941,,,,,,,,,,,,,,,,,,
,,,,return,0,,85.216,0,1,1,1,1,shdvrui,drivhus,18619,2021-10-15_11h20.13.533,HCtest,2021.2.3,MacIntel,58.82352941,85.182,,,,,,,,,,,,,,,,,
,,,,return,0,,120.813,0,2,2,2,1,jasekatn,kastanje,18619,2021-10-15_11h20.13.533,HCtest,2021.2.3,MacIntel,58.82352941,120.797,,,,,,,,,,,,,,,,,
,,,,return,0,,50.599,0,3,3,3,1,hmoodwse,modeshow,18619,2021-10-15_11h20.13.533,HCtest,2021.2.3,MacIntel,58.82352941,50.574,,,,,,,,,,,,,,,,,
,,,,return,0,,41.516,0,4,4,4,1,edolsat,unsolve,18619,2021-10-15_11h20.13.533,HCtest,2021.2.3,MacIntel,58.82352941,41.495,,,,,,,,,,,,,,,,,
,,,,return,0,,17.981,0,5,5,5,1,esmeknen,menneske,18619,2021-10-15_11h20.13.533,HCtest,2021.2.3,MacIntel,58.82352941,17.962,,,,,,,,,,,,,,,,,
,,,,return,0,,5.015,0,6,6,6,1,imafeil,familie,18619,2021-10-15_11h20.13.533,HCtest,2021.2.3,MacIntel,58.82352941,5,,,,,,,,,,,,,,,,,
,,,,return,0,,1.667,0,7,7,7,1,ptilaosh,hospital,18619,2021-10-15_11h20.13.533,HCtest,2021.2.3,MacIntel,58.82352941,1.647,,,,,,,,,,,,,,,,,
,,,,return,0,,8.382,0,8,8,8,1,anisplep,appelsin,18619,2021-10-15_11h20.13.533,HCtest,2021.2.3,MacIntel,58.82352941,8.368,,,,,,,,,,,,,,,,,
,,,,return,0,,21.533,0,9,9,9,1,fdteakor,unsolve,18619,2021-10-15_11h20.13.533,HCtest,2021.2.3,MacIntel,58.82352941,21.513,,,,,,,,,,,,,,,,,
,,,,return,0,,5.233,0,10,10,10,1,ptajakn,kaptajn,18619,2021-10-15_11h20.13.533,HCtest,2021.2.3,MacIntel,58.82352941,5.211,,,,,,,,,,,,,,,,,
,,,,return,0,,7.099,0,11,11,11,1,iovkonmr,mikroovn,18619,2021-10-15_11h20.13.533,HCtest,2021.2.3,MacIntel,58.82352941,7.078,,,,,,,,,,,,,,,,,
,,,,return,0,,1.482,0,12,12,12,1,agotfiorf,fotografi,18619,2021-10-15_11h20.13.533,HCtest,2021.2.3,MacIntel,58.82352941,1.461,,,,,,,,,,,,,,,,,
,,,,return,0,,1,0,13,13,13,1,apniggncmvo,campingvogn,18619,2021-10-15_11h20.13.533,HCtest,2021.2.3,MacIntel,58.82352941,0.985,,,,,,,,,,,,,,,,,
,,,,return,0,,2.065,0,14,14,14,1,rktneleal,tallerken,18619,2021-10-15_11h20.13.533,HCtest,2021.2.3,MacIntel,58.82352941,2.043,,,,,,,,,,,,,,,,,
,,,,return,0,avodkat,35.633,0,15,15,15,1,vkadato,advokat,18619,2021-10-15_11h20.13.533,HCtest,2021.2.3,MacIntel,58.82352941,35.612,,,,,,,,,,,,,,,,,
,,,,,,,60.508,,,,,,,,18619,2021-10-15_11h20.13.533,HCtest,2021.2.3,MacIntel,58.82352941,,return,4.158,return,16.511,a,0,60.47,,0,0,0,4,1,Slide7.png,e,,
,,,,,,,22.498,,,,,,,,18619,2021-10-15_11h20.13.533,HCtest,2021.2.3,MacIntel,58.82352941,,,,,,b,0,22.465,,0,1,1,0,1,Slide3.png,d,,
,,,,,,,54.433,,,,,,,,18619,2021-10-15_11h20.13.533,HCtest,2021.2.3,MacIntel,58.82352941,,,,,,a,0,54.398,,0,2,2,7,1,Slide10.png,b,,
,,,,,,,6.932,,,,,,,,18619,2021-10-15_11h20.13.533,HCtest,2021.2.3,MacIntel,58.82352941,,,,,,f,0,6.901,,0,3,3,1,1,Slide4.png,g,,
,,,,,,,44.599,,,,,,,,18619,2021-10-15_11h20.13.533,HCtest,2021.2.3,MacIntel,58.82352941,,,,,,g,0,44.569,,0,4,4,6,1,Slide9.png,f,,
,,,,,,,16.583,,,,,,,,18619,2021-10-15_11h20.13.533,HCtest,2021.2.3,MacIntel,58.82352941,,,,,,c,0,16.556,,0,5,5,2,1,Slide5.png,d,,
,,,,,,,13.815,,,,,,,,18619,2021-10-15_11h20.13.533,HCtest,2021.2.3,MacIntel,58.82352941,,,,,,d,0,13.784,,0,6,6,3,1,Slide6.png,h,,
,,,,,,,24.25,,,,,,,,18619,2021-10-15_11h20.13.533,HCtest,2021.2.3,MacIntel,58.82352941,,,,,,c,0,24.219,,0,7,7,5,1,Slide8.png,h,,
,,,,,,,,,,,,,,,18619,2021-10-15_11h20.13.533,HCtest,2021.2.3,MacIntel,58.82352941,,,,,,,,,,,,,,,,,return,9.029
