﻿key_resp.keys,key_resp.rt,key_resp_4.keys,key_resp_4.rt,key_resp_2.keys,key_resp_2.corr,anagram_answer,RT,trials.thisRepN,trials.thisTrialN,trials.thisN,trials.thisIndex,trials.ran,anagrams,correct,id,date,expName,psychopyVersion,OS,frameRate,key_resp_2.rt,anaEndEnter.keys,anaEndEnter.rt,key_resp_3.keys,key_resp_3.rt,IQresponse.keys,IQresponse.corr,IQresponse.rt,IQpass.keys,trials_2.thisRepN,trials_2.thisTrialN,trials_2.thisN,trials_2.thisIndex,trials_2.ran,options,CorrectIQ,key_resp_5.keys,key_resp_5.rt
return,20.8341,return,20.4132,,0,,0.0001,0,0,0,0,1,remove,REMOVE,9092,2021-11-08_20h59.40.628,HCtest,2021.2.3,MacIntel,60.0024001,,,,,,,,,,,,,,,,,,
,,,,return,0,drivhus,115.434,0,1,1,1,1,shdvrui,drivhus,9092,2021-11-08_20h59.40.628,HCtest,2021.2.3,MacIntel,60.0024001,115.4148,,,,,,,,,,,,,,,,,
,,,,return,0,kastanje,32.2352,0,2,2,2,1,jasekatn,kastanje,9092,2021-11-08_20h59.40.628,HCtest,2021.2.3,MacIntel,60.0024001,32.2204,,,,,,,,,,,,,,,,,
,,,,return,0,modeshow,18.933,0,3,3,3,1,hmoodwse,modeshow,9092,2021-11-08_20h59.40.628,HCtest,2021.2.3,MacIntel,60.0024001,18.9167,,,,,,,,,,,,,,,,,
,,,,return,0,soldat,17.5842,0,4,4,4,1,edolsat,unsolve,9092,2021-11-08_20h59.40.628,HCtest,2021.2.3,MacIntel,60.0024001,17.5689,,,,,,,,,,,,,,,,,
,,,,return,0,menneske,21.0839,0,5,5,5,1,esmeknen,menneske,9092,2021-11-08_20h59.40.628,HCtest,2021.2.3,MacIntel,60.0024001,21.072,,,,,,,,,,,,,,,,,
,,,,return,0,familie,17.1182,0,6,6,6,1,imafeil,familie,9092,2021-11-08_20h59.40.628,HCtest,2021.2.3,MacIntel,60.0024001,17.1055,,,,,,,,,,,,,,,,,
,,,,return,0,hospital,19.2823,0,7,7,7,1,ptilaosh,hospital,9092,2021-11-08_20h59.40.628,HCtest,2021.2.3,MacIntel,60.0024001,19.2695,,,,,,,,,,,,,,,,,
,,,,return,0,appelsin,14.7688,0,8,8,8,1,anisplep,appelsin,9092,2021-11-08_20h59.40.628,HCtest,2021.2.3,MacIntel,60.0024001,14.755,,,,,,,,,,,,,,,,,
,,,,return,0,afkoder,104.2345,0,9,9,9,1,fdteakor,unsolve,9092,2021-11-08_20h59.40.628,HCtest,2021.2.3,MacIntel,60.0024001,104.2146,,,,,,,,,,,,,,,,,
,,,,return,0,kaptajn,21.1343,0,10,10,10,1,ptajakn,kaptajn,9092,2021-11-08_20h59.40.628,HCtest,2021.2.3,MacIntel,60.0024001,21.121,,,,,,,,,,,,,,,,,
,,,,return,0,mikroovn,25.1839,0,11,11,11,1,iovkonmr,mikroovn,9092,2021-11-08_20h59.40.628,HCtest,2021.2.3,MacIntel,60.0024001,25.1767,,,,,,,,,,,,,,,,,
,,,,return,0,fotografi,17.1838,0,12,12,12,1,agotfiorf,fotografi,9092,2021-11-08_20h59.40.628,HCtest,2021.2.3,MacIntel,60.0024001,17.1705,,,,,,,,,,,,,,,,,
,,,,return,0,campingvogn,24.7486,0,13,13,13,1,apniggncmvo,campingvogn,9092,2021-11-08_20h59.40.628,HCtest,2021.2.3,MacIntel,60.0024001,24.7366,,,,,,,,,,,,,,,,,
,,,,return,0,tallerken,16.7522,0,14,14,14,1,rktneleal,tallerken,9092,2021-11-08_20h59.40.628,HCtest,2021.2.3,MacIntel,60.0024001,16.7373,,,,,,,,,,,,,,,,,
,,,,return,0,advokat,22.6184,0,15,15,15,1,vkadato,advokat,9092,2021-11-08_20h59.40.628,HCtest,2021.2.3,MacIntel,60.0024001,22.6077,,,,,,,,,,,,,,,,,
,,,,,,,65.2884,,,,,,,,9092,2021-11-08_20h59.40.628,HCtest,2021.2.3,MacIntel,60.0024001,,return,3.3545,return,12.9081,h,0,65.2541,,0,0,0,0,1,Slide3.png,d,,
,,,,,,,48.0486,,,,,,,,9092,2021-11-08_20h59.40.628,HCtest,2021.2.3,MacIntel,60.0024001,,,,,,a,0,48.0169,,0,1,1,3,1,Slide6.png,h,,
,,,,,,,92.2344,,,,,,,,9092,2021-11-08_20h59.40.628,HCtest,2021.2.3,MacIntel,60.0024001,,,,,,g,0,92.1991,,0,2,2,5,1,Slide8.png,h,,
,,,,,,,59.0084,,,,,,,,9092,2021-11-08_20h59.40.628,HCtest,2021.2.3,MacIntel,60.0024001,,,,,,f,0,58.9754,,0,3,3,2,1,Slide5.png,d,,
,,,,,,,19.9365,,,,,,,,9092,2021-11-08_20h59.40.628,HCtest,2021.2.3,MacIntel,60.0024001,,,,,,b,0,19.8912,,0,4,4,1,1,Slide4.png,g,,
,,,,,,,56.9523,,,,,,,,9092,2021-11-08_20h59.40.628,HCtest,2021.2.3,MacIntel,60.0024001,,,,,,c,0,56.9169,,0,5,5,4,1,Slide7.png,e,,
,,,,,,,7.2847,,,,,,,,9092,2021-11-08_20h59.40.628,HCtest,2021.2.3,MacIntel,60.0024001,,,,,,e,0,7.247,,0,6,6,7,1,Slide10.png,b,,
,,,,,,,40.4852,,,,,,,,9092,2021-11-08_20h59.40.628,HCtest,2021.2.3,MacIntel,60.0024001,,,,,,c,0,40.4405,,0,7,7,6,1,Slide9.png,f,,
,,,,,,,,,,,,,,,9092,2021-11-08_20h59.40.628,HCtest,2021.2.3,MacIntel,60.0024001,,,,,,,,,,,,,,,,,return,17.8169
