﻿key_resp.keys,key_resp.rt,key_resp_4.keys,key_resp_4.rt,key_resp_2.keys,key_resp_2.corr,anagram_answer,RT,trials.thisRepN,trials.thisTrialN,trials.thisN,trials.thisIndex,trials.ran,anagrams,correct,id,date,expName,psychopyVersion,OS,frameRate,key_resp_2.rt,anaEndEnter.keys,anaEndEnter.rt,key_resp_3.keys,key_resp_3.rt,IQresponse.keys,IQresponse.corr,IQresponse.rt,IQpass.keys,trials_2.thisRepN,trials_2.thisTrialN,trials_2.thisN,trials_2.thisIndex,trials_2.ran,options,CorrectIQ,key_resp_5.keys,key_resp_5.rt
return,14.3952,return,30.3918,,0,,0.0006,0,0,0,0,1,remove,REMOVE,13362,2021-11-01_10h45.45.914,HCtest,2021.2.3,MacIntel,59.99880002,,,,,,,,,,,,,,,,,,
,,,,return,0,drivhus,47.2387,0,1,1,1,1,shdvrui,drivhus,13362,2021-11-01_10h45.45.914,HCtest,2021.2.3,MacIntel,59.99880002,47.2157,,,,,,,,,,,,,,,,,
,,,,return,0,kastanje,26.6944,0,2,2,2,1,jasekatn,kastanje,13362,2021-11-01_10h45.45.914,HCtest,2021.2.3,MacIntel,59.99880002,26.6867,,,,,,,,,,,,,,,,,
,,,,return,0,,39.8352,0,3,3,3,1,hmoodwse,modeshow,13362,2021-11-01_10h45.45.914,HCtest,2021.2.3,MacIntel,59.99880002,39.8239,,,,,,,,,,,,,,,,,
,,,,return,0,,27.9064,0,4,4,4,1,edolsat,unsolve,13362,2021-11-01_10h45.45.914,HCtest,2021.2.3,MacIntel,59.99880002,27.8943,,,,,,,,,,,,,,,,,
,,,,return,0,,56.8718,0,5,5,5,1,esmeknen,menneske,13362,2021-11-01_10h45.45.914,HCtest,2021.2.3,MacIntel,59.99880002,56.8561,,,,,,,,,,,,,,,,,
,,,,return,0,familie,20.9004,0,6,6,6,1,imafeil,familie,13362,2021-11-01_10h45.45.914,HCtest,2021.2.3,MacIntel,59.99880002,20.887,,,,,,,,,,,,,,,,,
,,,,return,0,,48.173,0,7,7,7,1,ptilaosh,hospital,13362,2021-11-01_10h45.45.914,HCtest,2021.2.3,MacIntel,59.99880002,48.1551,,,,,,,,,,,,,,,,,
,,,,return,0,,42.0187,0,8,8,8,1,anisplep,appelsin,13362,2021-11-01_10h45.45.914,HCtest,2021.2.3,MacIntel,59.99880002,42.0081,,,,,,,,,,,,,,,,,
,,,,return,0,defaktor,48.9739,0,9,9,9,1,fdteakor,unsolve,13362,2021-11-01_10h45.45.914,HCtest,2021.2.3,MacIntel,59.99880002,48.9556,,,,,,,,,,,,,,,,,
,,,,return,0,kaptajn,36.133,0,10,10,10,1,ptajakn,kaptajn,13362,2021-11-01_10h45.45.914,HCtest,2021.2.3,MacIntel,59.99880002,36.121,,,,,,,,,,,,,,,,,
,,,,return,0,,30.322,0,11,11,11,1,iovkonmr,mikroovn,13362,2021-11-01_10h45.45.914,HCtest,2021.2.3,MacIntel,59.99880002,30.3076,,,,,,,,,,,,,,,,,
,,,,return,0,,52.3078,0,12,12,12,1,agotfiorf,fotografi,13362,2021-11-01_10h45.45.914,HCtest,2021.2.3,MacIntel,59.99880002,52.2856,,,,,,,,,,,,,,,,,
,,,,return,0,,9.553,0,13,13,13,1,apniggncmvo,campingvogn,13362,2021-11-01_10h45.45.914,HCtest,2021.2.3,MacIntel,59.99880002,9.5381,,,,,,,,,,,,,,,,,
,,,,return,0,,25.606,0,14,14,14,1,rktneleal,tallerken,13362,2021-11-01_10h45.45.914,HCtest,2021.2.3,MacIntel,59.99880002,25.5867,,,,,,,,,,,,,,,,,
,,,,return,0,kvadato,26.2509,0,15,15,15,1,vkadato,advokat,13362,2021-11-01_10h45.45.914,HCtest,2021.2.3,MacIntel,59.99880002,26.2391,,,,,,,,,,,,,,,,,
,,,,,,,62.6942,,,,,,,,13362,2021-11-01_10h45.45.914,HCtest,2021.2.3,MacIntel,59.99880002,,return,4.1211,return,15.3077,a,0,62.6438,,0,0,0,1,1,Slide4.png,g,,
,,,,,,,62.7843,,,,,,,,13362,2021-11-01_10h45.45.914,HCtest,2021.2.3,MacIntel,59.99880002,,,,,,g,0,62.7024,,0,1,1,5,1,Slide8.png,h,,
,,,,,,,22.9393,,,,,,,,13362,2021-11-01_10h45.45.914,HCtest,2021.2.3,MacIntel,59.99880002,,,,,,f,0,22.8822,,0,2,2,4,1,Slide7.png,e,,
,,,,,,,20.2049,,,,,,,,13362,2021-11-01_10h45.45.914,HCtest,2021.2.3,MacIntel,59.99880002,,,,,,e,0,20.1451,,0,3,3,3,1,Slide6.png,h,,
,,,,,,,31.1878,,,,,,,,13362,2021-11-01_10h45.45.914,HCtest,2021.2.3,MacIntel,59.99880002,,,,,,c,0,31.1277,,0,4,4,6,1,Slide9.png,f,,
,,,,,,,12.8033,,,,,,,,13362,2021-11-01_10h45.45.914,HCtest,2021.2.3,MacIntel,59.99880002,,,,,,h,0,12.7454,,0,5,5,2,1,Slide5.png,d,,
,,,,,,,17.5196,,,,,,,,13362,2021-11-01_10h45.45.914,HCtest,2021.2.3,MacIntel,59.99880002,,,,,,h,0,17.4631,,0,6,6,0,1,Slide3.png,d,,
,,,,,,,2.487,,,,,,,,13362,2021-11-01_10h45.45.914,HCtest,2021.2.3,MacIntel,59.99880002,,,,,,g,0,2.4297,,0,7,7,7,1,Slide10.png,b,,
,,,,,,,,,,,,,,,13362,2021-11-01_10h45.45.914,HCtest,2021.2.3,MacIntel,59.99880002,,,,,,,,,,,,,,,,,return,112.265
