﻿key_resp.keys,key_resp.rt,key_resp_4.keys,key_resp_4.rt,key_resp_2.keys,key_resp_2.corr,anagram_answer,RT,trials.thisRepN,trials.thisTrialN,trials.thisN,trials.thisIndex,trials.ran,anagrams,correct,id,date,expName,psychopyVersion,OS,frameRate,key_resp_2.rt
return,17.8235,return,17.3028,,0,,0.0003,0,0,0,0,1,remove,REMOVE,13708,2021-10-17_13h01.50.145,HCtest,2021.2.3,Win32,58.34305718,
,,,,return,0,,18.1205,0,1,1,1,1,shdvrui,drivhus,13708,2021-10-17_13h01.50.145,HCtest,2021.2.3,Win32,58.34305718,18.083
,,,,return,0,kastanje,23.3709,0,2,2,2,1,jasekatn,kastanje,13708,2021-10-17_13h01.50.145,HCtest,2021.2.3,Win32,58.34305718,23.35
,,,,return,0,,19.704,0,3,3,3,1,hmoodwse,modeshow,13708,2021-10-17_13h01.50.145,HCtest,2021.2.3,Win32,58.34305718,19.6946
