﻿key_resp.keys,key_resp.rt,key_resp_4.keys,key_resp_4.rt,key_resp_2.keys,key_resp_2.corr,anagram_answer,RT,trials.thisRepN,trials.thisTrialN,trials.thisN,trials.thisIndex,trials.ran,anagrams,correct,id,date,expName,psychopyVersion,OS,frameRate,key_resp_2.rt,anaEndEnter.keys,anaEndEnter.rt,key_resp_3.keys,key_resp_3.rt,IQresponse.keys,IQresponse.corr,IQresponse.rt,IQpass.keys,trials_2.thisRepN,trials_2.thisTrialN,trials_2.thisN,trials_2.thisIndex,trials_2.ran,options,CorrectIQ,IQpass.rt,key_resp_5.keys,key_resp_5.rt
return,3.1089,return,8.8346,,0,,0.0004,0,0,0,0,1,remove,REMOVE,11785,2021-10-25_16h22.45.505,HCtest,2021.2.3,MacIntel,59.97361161,,,,,,,,,,,,,,,,,,,
,,,,return,0, ,39.9108,0,1,1,1,1,shdvrui,drivhus,11785,2021-10-25_16h22.45.505,HCtest,2021.2.3,MacIntel,59.97361161,39.887,,,,,,,,,,,,,,,,,,
,,,,return,0,,31.0542,0,2,2,2,1,jasekatn,kastanje,11785,2021-10-25_16h22.45.505,HCtest,2021.2.3,MacIntel,59.97361161,31.0341,,,,,,,,,,,,,,,,,,
,,,,return,0,,13.6285,0,3,3,3,1,hmoodwse,modeshow,11785,2021-10-25_16h22.45.505,HCtest,2021.2.3,MacIntel,59.97361161,13.6119,,,,,,,,,,,,,,,,,,
,,,,return,0,,17.0294,0,4,4,4,1,edolsat,unsolve,11785,2021-10-25_16h22.45.505,HCtest,2021.2.3,MacIntel,59.97361161,17.0194,,,,,,,,,,,,,,,,,,
,,,,return,0,,10.9789,0,5,5,5,1,esmeknen,menneske,11785,2021-10-25_16h22.45.505,HCtest,2021.2.3,MacIntel,59.97361161,10.9651,,,,,,,,,,,,,,,,,,
,,,,return,0,,7.9757,0,6,6,6,1,imafeil,familie,11785,2021-10-25_16h22.45.505,HCtest,2021.2.3,MacIntel,59.97361161,7.9572,,,,,,,,,,,,,,,,,,
,,,,return,0,,56.1992,0,7,7,7,1,ptilaosh,hospital,11785,2021-10-25_16h22.45.505,HCtest,2021.2.3,MacIntel,59.97361161,56.1833,,,,,,,,,,,,,,,,,,
,,,,return,0,,5.4248,0,8,8,8,1,anisplep,appelsin,11785,2021-10-25_16h22.45.505,HCtest,2021.2.3,MacIntel,59.97361161,5.4095,,,,,,,,,,,,,,,,,,
,,,,return,0,,0.9723,0,9,9,9,1,fdteakor,unsolve,11785,2021-10-25_16h22.45.505,HCtest,2021.2.3,MacIntel,59.97361161,0.9564,,,,,,,,,,,,,,,,,,
,,,,return,0,,2.9343,0,10,10,10,1,ptajakn,kaptajn,11785,2021-10-25_16h22.45.505,HCtest,2021.2.3,MacIntel,59.97361161,2.9158,,,,,,,,,,,,,,,,,,
,,,,return,0,,6.1033,0,11,11,11,1,iovkonmr,mikroovn,11785,2021-10-25_16h22.45.505,HCtest,2021.2.3,MacIntel,59.97361161,6.0859,,,,,,,,,,,,,,,,,,
,,,,return,0,,6.0766,0,12,12,12,1,agotfiorf,fotografi,11785,2021-10-25_16h22.45.505,HCtest,2021.2.3,MacIntel,59.97361161,6.0596,,,,,,,,,,,,,,,,,,
,,,,return,0,,3.4889,0,13,13,13,1,apniggncmvo,campingvogn,11785,2021-10-25_16h22.45.505,HCtest,2021.2.3,MacIntel,59.97361161,3.4724,,,,,,,,,,,,,,,,,,
,,,,return,0,,1.2405,0,14,14,14,1,rktneleal,tallerken,11785,2021-10-25_16h22.45.505,HCtest,2021.2.3,MacIntel,59.97361161,1.2248,,,,,,,,,,,,,,,,,,
,,,,return,0,,8.1545,0,15,15,15,1,vkadato,advokat,11785,2021-10-25_16h22.45.505,HCtest,2021.2.3,MacIntel,59.97361161,8.1365,,,,,,,,,,,,,,,,,,
,,,,,,,44.0697,,,,,,,,11785,2021-10-25_16h22.45.505,HCtest,2021.2.3,MacIntel,59.97361161,,return,2.9674,return,10.884,d,1,44.0282,,0,0,0,2,1,Slide5.png,d,,,
,,,,,,,69.7052,,,,,,,,11785,2021-10-25_16h22.45.505,HCtest,2021.2.3,MacIntel,59.97361161,,,,,,,0,,return,0,1,1,4,1,Slide7.png,e,69.6604,,
,,,,,,,36.2214,,,,,,,,11785,2021-10-25_16h22.45.505,HCtest,2021.2.3,MacIntel,59.97361161,,,,,,h,1,36.1804,,0,2,2,3,1,Slide6.png,h,,,
,,,,,,,26.6173,,,,,,,,11785,2021-10-25_16h22.45.505,HCtest,2021.2.3,MacIntel,59.97361161,,,,,,a,0,26.5747,,0,3,3,1,1,Slide4.png,g,,,
,,,,,,,29.8038,,,,,,,,11785,2021-10-25_16h22.45.505,HCtest,2021.2.3,MacIntel,59.97361161,,,,,,b,0,29.7639,,0,4,4,0,1,Slide3.png,d,,,
,,,,,,,15.9636,,,,,,,,11785,2021-10-25_16h22.45.505,HCtest,2021.2.3,MacIntel,59.97361161,,,,,,,0,,return,0,5,5,5,1,Slide8.png,h,15.9205,,
,,,,,,,22.9007,,,,,,,,11785,2021-10-25_16h22.45.505,HCtest,2021.2.3,MacIntel,59.97361161,,,,,,,0,,return,0,6,6,7,1,Slide10.png,b,22.8622,,
,,,,,,,28.3209,,,,,,,,11785,2021-10-25_16h22.45.505,HCtest,2021.2.3,MacIntel,59.97361161,,,,,,,0,,return,0,7,7,6,1,Slide9.png,f,28.2835,,
,,,,,,,,,,,,,,,11785,2021-10-25_16h22.45.505,HCtest,2021.2.3,MacIntel,59.97361161,,,,,,,,,,,,,,,,,,return,13.1038
