﻿key_resp.keys,key_resp.rt,key_resp_4.keys,key_resp_4.rt,key_resp_2.keys,key_resp_2.corr,anagram_answer,RT,trials.thisRepN,trials.thisTrialN,trials.thisN,trials.thisIndex,trials.ran,anagrams,correct,id,date,expName,psychopyVersion,OS,frameRate,key_resp_2.rt,anaEndEnter.keys,anaEndEnter.rt,key_resp_3.keys,key_resp_3.rt,IQresponse.keys,IQresponse.corr,IQresponse.rt,IQpass.keys,trials_2.thisRepN,trials_2.thisTrialN,trials_2.thisN,trials_2.thisIndex,trials_2.ran,options,CorrectIQ,key_resp_5.keys,key_resp_5.rt
return,17.093,return,16.235,,0,,0,0,0,0,0,1,remove,REMOVE,16272,2021-10-18_11h00.19.314,HCtest,2021.2.3,MacIntel,62.5,,,,,,,,,,,,,,,,,,
,,,,return,0,drivhus,44.244,0,1,1,1,1,shdvrui,drivhus,16272,2021-10-18_11h00.19.314,HCtest,2021.2.3,MacIntel,62.5,44.181,,,,,,,,,,,,,,,,,
,,,,return,0,kastanje,77.772,0,2,2,2,1,jasekatn,kastanje,16272,2021-10-18_11h00.19.314,HCtest,2021.2.3,MacIntel,62.5,77.734,,,,,,,,,,,,,,,,,
,,,,return,0,,148.559,0,3,3,3,1,hmoodwse,modeshow,16272,2021-10-18_11h00.19.314,HCtest,2021.2.3,MacIntel,62.5,148.515,,,,,,,,,,,,,,,,,
,,,,return,0,,355.894,0,4,4,4,1,edolsat,unsolve,16272,2021-10-18_11h00.19.314,HCtest,2021.2.3,MacIntel,62.5,355.868,,,,,,,,,,,,,,,,,
,,,,return,0,menneske,47.888,0,5,5,5,1,esmeknen,menneske,16272,2021-10-18_11h00.19.314,HCtest,2021.2.3,MacIntel,62.5,47.855,,,,,,,,,,,,,,,,,
,,,,return,0,familie,59.847,0,6,6,6,1,imafeil,familie,16272,2021-10-18_11h00.19.314,HCtest,2021.2.3,MacIntel,62.5,59.823,,,,,,,,,,,,,,,,,
,,,,return,0,hospital,185.021,0,7,7,7,1,ptilaosh,hospital,16272,2021-10-18_11h00.19.314,HCtest,2021.2.3,MacIntel,62.5,184.977,,,,,,,,,,,,,,,,,
,,,,return,0,appelsin,518.788,0,8,8,8,1,anisplep,appelsin,16272,2021-10-18_11h00.19.314,HCtest,2021.2.3,MacIntel,62.5,518.771,,,,,,,,,,,,,,,,,
,,,,return,0,defaktor,57.029,0,9,9,9,1,fdteakor,unsolve,16272,2021-10-18_11h00.19.314,HCtest,2021.2.3,MacIntel,62.5,56.979,,,,,,,,,,,,,,,,,
,,,,return,0,kaptajn,424.015,0,10,10,10,1,ptajakn,kaptajn,16272,2021-10-18_11h00.19.314,HCtest,2021.2.3,MacIntel,62.5,423.976,,,,,,,,,,,,,,,,,
,,,,return,0,mikroovn,149.741,0,11,11,11,1,iovkonmr,mikroovn,16272,2021-10-18_11h00.19.314,HCtest,2021.2.3,MacIntel,62.5,149.696,,,,,,,,,,,,,,,,,
,,,,return,0,fotografi,28.217,0,12,12,12,1,agotfiorf,fotografi,16272,2021-10-18_11h00.19.314,HCtest,2021.2.3,MacIntel,62.5,28.182,,,,,,,,,,,,,,,,,
,,,,return,0,campingvogn,315.132,0,13,13,13,1,apniggncmvo,campingvogn,16272,2021-10-18_11h00.19.314,HCtest,2021.2.3,MacIntel,62.5,315.089,,,,,,,,,,,,,,,,,
,,,,return,0,knallerte,713.587,0,14,14,14,1,rktneleal,tallerken,16272,2021-10-18_11h00.19.314,HCtest,2021.2.3,MacIntel,62.5,713.549,,,,,,,,,,,,,,,,,
,,,,return,0,advokat,11.136,0,15,15,15,1,vkadato,advokat,16272,2021-10-18_11h00.19.314,HCtest,2021.2.3,MacIntel,62.5,11.099,,,,,,,,,,,,,,,,,
,,,,,,,52.735,,,,,,,,16272,2021-10-18_11h00.19.314,HCtest,2021.2.3,MacIntel,62.5,,return,4.225,return,14.046,b,1,52.699,,0,0,0,7,1,Slide10.png,b,,
,,,,,,,581.016,,,,,,,,16272,2021-10-18_11h00.19.314,HCtest,2021.2.3,MacIntel,62.5,,,,,,b,0,580.987,,0,1,1,4,1,Slide7.png,e,,
,,,,,,,17.284,,,,,,,,16272,2021-10-18_11h00.19.314,HCtest,2021.2.3,MacIntel,62.5,,,,,,d,1,17.259,,0,2,2,2,1,Slide5.png,d,,
,,,,,,,91.18,,,,,,,,16272,2021-10-18_11h00.19.314,HCtest,2021.2.3,MacIntel,62.5,,,,,,g,1,91.147,,0,3,3,1,1,Slide4.png,g,,
,,,,,,,166.446,,,,,,,,16272,2021-10-18_11h00.19.314,HCtest,2021.2.3,MacIntel,62.5,,,,,,d,0,166.411,,0,4,4,6,1,Slide9.png,f,,
,,,,,,,21.408,,,,,,,,16272,2021-10-18_11h00.19.314,HCtest,2021.2.3,MacIntel,62.5,,,,,,d,1,21.374,,0,5,5,0,1,Slide3.png,d,,
,,,,,,,35.683,,,,,,,,16272,2021-10-18_11h00.19.314,HCtest,2021.2.3,MacIntel,62.5,,,,,,h,1,35.656,,0,6,6,3,1,Slide6.png,h,,
,,,,,,,143.494,,,,,,,,16272,2021-10-18_11h00.19.314,HCtest,2021.2.3,MacIntel,62.5,,,,,,h,1,143.462,,0,7,7,5,1,Slide8.png,h,,
,,,,,,,,,,,,,,,16272,2021-10-18_11h00.19.314,HCtest,2021.2.3,MacIntel,62.5,,,,,,,,,,,,,,,,,return,7.935
