﻿key_resp.keys,key_resp.rt,key_resp_4.keys,key_resp_4.rt,key_resp_2.keys,key_resp_2.corr,anagram_answer,RT,trials.thisRepN,trials.thisTrialN,trials.thisN,trials.thisIndex,trials.ran,anagrams,correct,id,date,expName,psychopyVersion,OS,frameRate,key_resp_2.rt
return,25.407,return,30.8511,,0,,0.0003,0,0,0,0,1,remove,REMOVE,8933,2021-10-28_20h10.41.265,HCtest,2021.2.3,Win32,59.91970759,
,,,,return,0,drushiv,121.8286,0,1,1,1,1,shdvrui,drivhus,8933,2021-10-28_20h10.41.265,HCtest,2021.2.3,Win32,59.91970759,121.7721
,,,,return,0,kastanje,43.9354,0,2,2,2,1,jasekatn,kastanje,8933,2021-10-28_20h10.41.265,HCtest,2021.2.3,Win32,59.91970759,43.9215
,,,,return,0,modeshow,30.2647,0,3,3,3,1,hmoodwse,modeshow,8933,2021-10-28_20h10.41.265,HCtest,2021.2.3,Win32,59.91970759,30.2403
,,,,return,0,,149.4703,0,4,4,4,1,edolsat,unsolve,8933,2021-10-28_20h10.41.265,HCtest,2021.2.3,Win32,59.91970759,149.4606
,,,,return,0,menneske,17.1708,0,5,5,5,1,esmeknen,menneske,8933,2021-10-28_20h10.41.265,HCtest,2021.2.3,Win32,59.91970759,17.1524
,,,,return,0,,81.3936,0,6,6,6,1,imafeil,familie,8933,2021-10-28_20h10.41.265,HCtest,2021.2.3,Win32,59.91970759,81.3827
,,,,return,0,,16.105,0,7,7,7,1,ptilaosh,hospital,8933,2021-10-28_20h10.41.265,HCtest,2021.2.3,Win32,59.91970759,16.0928
,,,,return,0,,5.3163,0,8,8,8,1,anisplep,appelsin,8933,2021-10-28_20h10.41.265,HCtest,2021.2.3,Win32,59.91970759,5.296
,,,,return,0,,0.3349,0,9,9,9,1,fdteakor,unsolve,8933,2021-10-28_20h10.41.265,HCtest,2021.2.3,Win32,59.91970759,0.3139
,,,,return,0,,0.3372,0,10,10,10,1,ptajakn,kaptajn,8933,2021-10-28_20h10.41.265,HCtest,2021.2.3,Win32,59.91970759,0.3173
,,,,return,0,,0.2273,0,11,11,11,1,iovkonmr,mikroovn,8933,2021-10-28_20h10.41.265,HCtest,2021.2.3,Win32,59.91970759,0.2086
,,,,return,0,,0.2201,0,12,12,12,1,agotfiorf,fotografi,8933,2021-10-28_20h10.41.265,HCtest,2021.2.3,Win32,59.91970759,0.2003
,,,,return,0,,0.2604,0,13,13,13,1,apniggncmvo,campingvogn,8933,2021-10-28_20h10.41.265,HCtest,2021.2.3,Win32,59.91970759,0.2338
,,,,return,0,,0.2157,0,14,14,14,1,rktneleal,tallerken,8933,2021-10-28_20h10.41.265,HCtest,2021.2.3,Win32,59.91970759,0.1896
,,,,return,0,,0.1989,0,15,15,15,1,vkadato,advokat,8933,2021-10-28_20h10.41.265,HCtest,2021.2.3,Win32,59.91970759,0.1738
