﻿key_resp.keys,key_resp.rt,key_resp_4.keys,key_resp_4.rt,key_resp_2.keys,key_resp_2.corr,anagram_answer,RT,trials.thisRepN,trials.thisTrialN,trials.thisN,trials.thisIndex,trials.ran,anagrams,correct,id,date,expName,psychopyVersion,OS,frameRate,key_resp_2.rt
return,76.965,return,22.74,,0,,0,0,0,0,0,1,remove,REMOVE,18157,2021-10-13_15h00.44.652,HCtest,2021.2.3,MacIntel,58.82352941,
,,,,return,0,drivhus,30.866,0,1,1,1,1,shdvrui,drivhus,18157,2021-10-13_15h00.44.652,HCtest,2021.2.3,MacIntel,58.82352941,30.827
,,,,return,0,kastanje,110.386,0,2,2,2,1,jasekatn,kastanje,18157,2021-10-13_15h00.44.652,HCtest,2021.2.3,MacIntel,58.82352941,110.359
,,,,return,0,modeshow,193.141,0,3,3,3,1,hmoodwse,modeshow,18157,2021-10-13_15h00.44.652,HCtest,2021.2.3,MacIntel,58.82352941,193.117
,,,,return,0,,768.631,0,4,4,4,1,edolsat,unsolve,18157,2021-10-13_15h00.44.652,HCtest,2021.2.3,MacIntel,58.82352941,768.608
,,,,return,0,menneske,87.424,0,5,5,5,1,esmeknen,menneske,18157,2021-10-13_15h00.44.652,HCtest,2021.2.3,MacIntel,58.82352941,87.403
,,,,return,0,familie,199.01,0,6,6,6,1,imafeil,familie,18157,2021-10-13_15h00.44.652,HCtest,2021.2.3,MacIntel,58.82352941,198.998
,,,,return,0,hospital,245.948,0,7,7,7,1,ptilaosh,hospital,18157,2021-10-13_15h00.44.652,HCtest,2021.2.3,MacIntel,58.82352941,245.927
,,,,return,0,appelsin,224.04,0,8,8,8,1,anisplep,appelsin,18157,2021-10-13_15h00.44.652,HCtest,2021.2.3,MacIntel,58.82352941,224.018
,,,,return,0,,698.43,0,9,9,9,1,fdteakor,unsolve,18157,2021-10-13_15h00.44.652,HCtest,2021.2.3,MacIntel,58.82352941,698.408
,,,,return,0,kaptajn,6.569,0,10,10,10,1,ptajakn,kaptajn,18157,2021-10-13_15h00.44.652,HCtest,2021.2.3,MacIntel,58.82352941,6.557
,,,,return,0,,109.302,0,11,11,11,1,iovkonmr,mikroovn,18157,2021-10-13_15h00.44.652,HCtest,2021.2.3,MacIntel,58.82352941,109.279
,,,,return,0,,39.235,0,12,12,12,1,agotfiorf,fotografi,18157,2021-10-13_15h00.44.652,HCtest,2021.2.3,MacIntel,58.82352941,39.214
